CVE,Published,AnalysisTime,Difference
CVE-2015-10128,2024-01-02 14:15:00,2024-01-09 14:11:20.097,6 days 23:56:20.097000
CVE-2016-20021,2024-01-12 03:15:00,2024-01-22 16:27:08.227,10 days 13:12:08.227000
CVE-2017-20188,2024-01-02 15:15:00,2024-01-09 14:28:14.880,6 days 23:13:14.880000
CVE-2018-25095,2024-01-08 19:15:00,2024-01-11 18:42:09.650,2 days 23:27:09.650000
CVE-2018-25097,2024-01-02 16:15:00,2024-01-09 15:30:05.460,6 days 23:15:05.460000
CVE-2020-13878,2024-01-05 08:15:00,2024-01-10 19:59:28.437,5 days 11:44:28.437000
CVE-2020-13879,2024-01-05 08:15:00,2024-01-10 19:59:43.733,5 days 11:44:43.733000
CVE-2020-13880,2024-01-05 09:15:00,2024-01-10 19:59:52.850,5 days 10:44:52.850000
CVE-2020-26623,2024-01-02 22:15:00,2024-01-09 01:48:52.047,6 days 03:33:52.047000
CVE-2020-26624,2024-01-02 22:15:00,2024-01-09 01:54:04.830,6 days 03:39:04.830000
CVE-2020-26625,2024-01-02 22:15:00,2024-01-09 13:26:22.490,6 days 15:11:22.490000
CVE-2020-26627,2024-01-10 09:15:00,2024-01-16 15:20:26.797,6 days 06:05:26.797000
CVE-2020-26628,2024-01-10 09:15:00,2024-01-16 15:20:14.197,6 days 06:05:14.197000
CVE-2020-26629,2024-01-10 09:15:00,2024-01-16 15:19:55.967,6 days 06:04:55.967000
CVE-2020-26630,2024-01-10 09:15:00,2024-01-16 15:19:40.560,6 days 06:04:40.560000
CVE-2021-3600,2024-01-08 19:15:00,2024-01-11 18:40:05.360,2 days 23:25:05.360000
CVE-2021-40367,2024-01-04 12:15:00,2024-01-10 17:03:28.083,6 days 04:48:28.083000
CVE-2021-42028,2024-01-04 12:15:00,2024-01-10 17:02:58.877,6 days 04:47:58.877000
CVE-2021-45465,2024-01-04 12:15:00,2024-01-10 17:02:35.987,6 days 04:47:35.987000
CVE-2022-2081,2024-01-04 10:15:00,2024-01-10 16:39:45.510,6 days 06:24:45.510000
CVE-2022-2585,2024-01-08 18:15:00,2024-01-19 17:14:35.893,10 days 22:59:35.893000
CVE-2022-2586,2024-01-08 18:15:00,2024-01-12 16:21:26.730,3 days 22:06:26.730000
CVE-2022-2588,2024-01-08 18:15:00,2024-01-12 16:47:44.893,3 days 22:32:44.893000
CVE-2022-2602,2024-01-08 18:15:00,2024-01-12 16:15:41.777,3 days 22:00:41.777000
CVE-2022-28975,2024-01-09 14:15:00,2024-01-12 19:59:59.797,3 days 05:44:59.797000
CVE-2022-3010,2024-01-02 19:15:00,2024-01-09 16:37:32.980,6 days 21:22:32.980000
CVE-2022-32919,2024-01-10 22:15:00,2024-01-17 18:23:36.697,6 days 20:08:36.697000
CVE-2022-32931,2024-01-10 22:15:00,2024-01-17 18:10:19.557,6 days 19:55:19.557000
CVE-2022-3328,2024-01-08 18:15:00,2024-01-12 16:09:36.737,3 days 21:54:36.737000
CVE-2022-34344,2024-01-08 22:15:00,2024-01-11 20:06:48.303,2 days 21:51:48.303000
CVE-2022-36352,2024-01-08 22:15:00,2024-01-11 20:06:12.393,2 days 21:51:12.393000
CVE-2022-36763,2024-01-09 16:15:00,2024-01-16 17:22:15.803,7 days 01:07:15.803000
CVE-2022-36764,2024-01-09 16:15:00,2024-01-16 18:04:14.293,7 days 01:49:14.293000
CVE-2022-36765,2024-01-09 16:15:00,2024-01-16 18:21:33.400,7 days 02:06:33.400000
CVE-2022-3864,2024-01-04 10:15:00,2024-01-10 16:32:34.873,6 days 06:17:34.873000
CVE-2022-40361,2024-01-11 03:15:00,2024-01-16 23:59:23.717,5 days 20:44:23.717000
CVE-2022-40696,2024-01-08 22:15:00,2024-01-11 20:05:58.880,2 days 21:50:58.880000
CVE-2022-42816,2024-01-10 22:15:00,2024-01-17 18:09:58.440,6 days 19:54:58.440000
CVE-2022-42839,2024-01-10 22:15:00,2024-01-17 18:09:35.860,6 days 19:54:35.860000
CVE-2022-45354,2024-01-08 21:15:00,2024-01-11 19:57:21.003,2 days 22:42:21.003000
CVE-2022-45793,2024-01-10 21:15:00,2024-01-19 19:34:16.737,8 days 22:19:16.737000
CVE-2022-45794,2024-01-10 23:15:00,2024-01-23 19:34:40.337,12 days 20:19:40.337000
CVE-2022-46025,2024-01-10 08:15:00,2024-01-17 01:31:45.123,6 days 17:16:45.123000
CVE-2022-46710,2024-01-10 22:15:00,2024-01-17 17:36:40.767,6 days 19:21:40.767000
CVE-2022-46721,2024-01-10 22:15:00,2024-01-17 17:40:40.563,6 days 19:25:40.563000
CVE-2022-46839,2024-01-05 11:15:00,2024-01-11 16:49:52.900,6 days 05:34:52.900000
CVE-2022-47915,2024-01-10 22:15:00,2024-01-17 17:42:27.777,6 days 19:27:27.777000
CVE-2022-47965,2024-01-10 22:15:00,2024-01-17 17:51:14.677,6 days 19:36:14.677000
CVE-2022-48504,2024-01-10 22:15:00,2024-01-17 17:53:36.230,6 days 19:38:36.230000
CVE-2022-48577,2024-01-10 22:15:00,2024-01-17 17:59:46.353,6 days 19:44:46.353000
CVE-2022-48618,2024-01-09 18:15:00,2024-01-16 18:37:05.443,7 days 00:22:05.443000
CVE-2022-48619,2024-01-12 03:15:00,2024-01-19 15:27:59.083,7 days 12:12:59.083000
CVE-2022-48620,2024-01-12 04:15:00,2024-01-20 18:44:50.403,8 days 14:29:50.403000
CVE-2022-4958,2024-01-11 12:15:00,2024-01-17 22:42:23.630,6 days 10:27:23.630000
CVE-2022-4959,2024-01-11 21:15:00,2024-01-18 19:20:46.310,6 days 22:05:46.310000
CVE-2022-4960,2024-01-12 03:15:00,2024-01-19 18:54:02.897,7 days 15:39:02.897000
CVE-2022-4961,2024-01-12 05:15:00,2024-01-18 20:31:59.580,6 days 15:16:59.580000
CVE-2023-0437,2024-01-12 14:15:00,2024-01-18 21:18:53.233,6 days 07:03:53.233000
CVE-2023-1032,2024-01-08 19:15:00,2024-01-11 18:39:42.977,2 days 23:24:42.977000
CVE-2023-2030,2024-01-12 14:15:00,2024-01-18 21:18:39.867,6 days 07:03:39.867000
CVE-2023-20573,2024-01-11 14:15:00,2024-01-18 17:39:02.723,7 days 03:24:02.723000
CVE-2023-26157,2024-01-02 05:15:00,2024-01-08 19:33:27.123,6 days 14:18:27.123000
CVE-2023-26159,2024-01-02 05:15:00,2024-01-09 18:20:54.690,7 days 13:05:54.690000
CVE-2023-26998,2024-01-09 02:15:00,2024-01-11 20:04:56.543,2 days 17:49:56.543000
CVE-2023-26999,2024-01-09 02:15:00,2024-01-11 20:19:49.167,2 days 18:04:49.167000
CVE-2023-27000,2024-01-09 02:15:00,2024-01-11 22:54:29.450,2 days 20:39:29.450000
CVE-2023-27098,2024-01-09 02:15:00,2024-01-12 19:14:52.547,3 days 16:59:52.547000
CVE-2023-27739,2024-01-08 21:15:00,2024-01-12 16:06:23.193,3 days 18:51:23.193000
CVE-2023-28185,2024-01-10 22:15:00,2024-01-17 22:16:44.930,7 days 00:01:44.930000
CVE-2023-28197,2024-01-10 22:15:00,2024-01-18 14:49:49.553,7 days 16:34:49.553000
CVE-2023-28583,2024-01-02 06:15:00,2024-01-08 17:48:54.270,6 days 11:33:54.270000
CVE-2023-28897,2024-01-12 16:15:00,2024-01-22 19:53:52.013,10 days 03:38:52.013000
CVE-2023-28898,2024-01-12 16:15:00,2024-01-22 19:52:50.297,10 days 03:37:50.297000
CVE-2023-28899,2024-01-12 17:15:00,2024-01-22 19:52:12.827,10 days 02:37:12.827000
CVE-2023-29048,2024-01-08 09:15:00,2024-01-12 14:09:06.653,4 days 04:54:06.653000
CVE-2023-29049,2024-01-08 09:15:00,2024-01-12 14:16:38.210,4 days 05:01:38.210000
CVE-2023-29050,2024-01-08 09:15:00,2024-01-12 14:24:21.347,4 days 05:09:21.347000
CVE-2023-29051,2024-01-08 09:15:00,2024-01-12 15:05:05.160,4 days 05:50:05.160000
CVE-2023-29052,2024-01-08 09:15:00,2024-01-12 14:27:55.647,4 days 05:12:55.647000
CVE-2023-29444,2024-01-10 17:15:00,2024-01-19 17:36:09.653,9 days 00:21:09.653000
CVE-2023-29445,2024-01-10 21:15:00,2024-01-19 19:37:50.107,8 days 22:22:50.107000
CVE-2023-29446,2024-01-10 21:15:00,2024-01-19 19:50:28.460,8 days 22:35:28.460000
CVE-2023-29447,2024-01-10 21:15:00,2024-01-18 19:53:18.973,7 days 22:38:18.973000
CVE-2023-29962,2024-01-04 06:15:00,2024-01-10 16:51:52.413,6 days 10:36:52.413000
CVE-2023-30014,2024-01-12 09:15:00,2024-01-18 20:20:48.667,6 days 11:05:48.667000
CVE-2023-30015,2024-01-12 09:15:00,2024-01-18 20:20:38.820,6 days 11:05:38.820000
CVE-2023-30016,2024-01-12 09:15:00,2024-01-20 18:44:22.787,8 days 09:29:22.787000
CVE-2023-3043,2024-01-09 23:15:00,2024-01-12 19:18:06.083,2 days 20:03:06.083000
CVE-2023-31001,2024-01-11 03:15:00,2024-01-18 17:06:28.287,7 days 13:51:28.287000
CVE-2023-31003,2024-01-11 03:15:00,2024-01-18 17:06:42.270,7 days 13:51:42.270000
CVE-2023-31024,2024-01-12 19:15:00,2024-01-18 20:46:57.440,6 days 01:31:57.440000
CVE-2023-31030,2024-01-12 19:15:00,2024-01-18 20:53:22.660,6 days 01:38:22.660000
CVE-2023-31032,2024-01-12 19:15:00,2024-01-19 13:09:21.220,6 days 17:54:21.220000
CVE-2023-31036,2024-01-12 17:15:00,2024-01-18 20:45:53.130,6 days 03:30:53.130000
CVE-2023-31211,2024-01-12 08:15:00,2024-01-19 02:09:26.667,6 days 17:54:26.667000
CVE-2023-31446,2024-01-10 03:15:00,2024-01-17 01:28:26.487,6 days 22:13:26.487000
CVE-2023-31488,2024-01-10 20:15:00,2024-01-19 17:50:52.820,8 days 21:35:52.820000
CVE-2023-32366,2024-01-10 22:15:00,2024-01-18 14:48:05.710,7 days 16:33:05.710000
CVE-2023-32378,2024-01-10 22:15:00,2024-01-18 14:47:06.290,7 days 16:32:06.290000
CVE-2023-32383,2024-01-10 22:15:00,2024-01-18 14:46:30.147,7 days 16:31:30.147000
CVE-2023-32401,2024-01-10 22:15:00,2024-01-18 14:45:33.763,7 days 16:30:33.763000
CVE-2023-32424,2024-01-10 22:15:00,2024-01-18 14:44:50.067,7 days 16:29:50.067000
CVE-2023-32436,2024-01-10 22:15:00,2024-01-18 14:35:09.280,7 days 16:20:09.280000
CVE-2023-32650,2024-01-08 15:15:00,2024-01-10 01:19:46.397,1 days 10:04:46.397000
CVE-2023-32831,2024-01-02 03:15:00,2024-01-05 12:11:01.813,3 days 08:56:01.813000
CVE-2023-32872,2024-01-02 03:15:00,2024-01-05 12:11:25.180,3 days 08:56:25.180000
CVE-2023-32874,2024-01-02 03:15:00,2024-01-05 12:11:38.897,3 days 08:56:38.897000
CVE-2023-32875,2024-01-02 03:15:00,2024-01-05 12:11:49.053,3 days 08:56:49.053000
CVE-2023-32876,2024-01-02 03:15:00,2024-01-05 12:11:59.377,3 days 08:56:59.377000
CVE-2023-32877,2024-01-02 03:15:00,2024-01-05 12:12:08.780,3 days 08:57:08.780000
CVE-2023-32878,2024-01-02 03:15:00,2024-01-05 12:12:17.697,3 days 08:57:17.697000
CVE-2023-32879,2024-01-02 03:15:00,2024-01-05 12:12:25.470,3 days 08:57:25.470000
CVE-2023-32880,2024-01-02 03:15:00,2024-01-05 12:12:35.460,3 days 08:57:35.460000
CVE-2023-32881,2024-01-02 03:15:00,2024-01-05 12:12:45.227,3 days 08:57:45.227000
CVE-2023-32882,2024-01-02 03:15:00,2024-01-05 12:12:51.527,3 days 08:57:51.527000
CVE-2023-32883,2024-01-02 03:15:00,2024-01-05 12:13:00.630,3 days 08:58:00.630000
CVE-2023-32884,2024-01-02 03:15:00,2024-01-05 12:13:13.897,3 days 08:58:13.897000
CVE-2023-32885,2024-01-02 03:15:00,2024-01-05 12:13:21.137,3 days 08:58:21.137000
CVE-2023-32886,2024-01-02 03:15:00,2024-01-05 12:13:26.863,3 days 08:58:26.863000
CVE-2023-32887,2024-01-02 03:15:00,2024-01-05 12:13:33.243,3 days 08:58:33.243000
CVE-2023-32888,2024-01-02 03:15:00,2024-01-05 12:13:38.567,3 days 08:58:38.567000
CVE-2023-32889,2024-01-02 03:15:00,2024-01-05 12:13:41.877,3 days 08:58:41.877000
CVE-2023-32890,2024-01-02 03:15:00,2024-01-05 12:13:43.847,3 days 08:58:43.847000
CVE-2023-32891,2024-01-02 03:15:00,2024-01-05 12:13:46.023,3 days 08:58:46.023000
CVE-2023-33014,2024-01-02 06:15:00,2024-01-09 14:53:06.417,7 days 08:38:06.417000
CVE-2023-33025,2024-01-02 06:15:00,2024-01-08 18:40:01.283,6 days 12:25:01.283000
CVE-2023-33030,2024-01-02 06:15:00,2024-01-09 19:03:17.217,7 days 12:48:17.217000
CVE-2023-33032,2024-01-02 06:15:00,2024-01-09 15:16:53.130,7 days 09:01:53.130000
CVE-2023-33033,2024-01-02 06:15:00,2024-01-09 15:28:55.593,7 days 09:13:55.593000
CVE-2023-33036,2024-01-02 06:15:00,2024-01-08 18:40:51.790,6 days 12:25:51.790000
CVE-2023-33037,2024-01-02 06:15:00,2024-01-09 19:12:53.463,7 days 12:57:53.463000
CVE-2023-33038,2024-01-02 06:15:00,2024-01-09 19:14:33.600,7 days 12:59:33.600000
CVE-2023-33040,2024-01-02 06:15:00,2024-01-09 19:14:51.970,7 days 12:59:51.970000
CVE-2023-33062,2024-01-02 06:15:00,2024-01-09 19:15:08.490,7 days 13:00:08.490000
CVE-2023-33085,2024-01-02 06:15:00,2024-01-08 18:45:19.540,6 days 12:30:19.540000
CVE-2023-33094,2024-01-02 06:15:00,2024-01-09 19:16:42.410,7 days 13:01:42.410000
CVE-2023-33108,2024-01-02 06:15:00,2024-01-08 18:46:16.950,6 days 12:31:16.950000
CVE-2023-33109,2024-01-02 06:15:00,2024-01-09 19:17:07.337,7 days 13:02:07.337000
CVE-2023-33110,2024-01-02 06:15:00,2024-01-09 19:19:51.423,7 days 13:04:51.423000
CVE-2023-33112,2024-01-02 06:15:00,2024-01-09 19:21:33.350,7 days 13:06:33.350000
CVE-2023-33113,2024-01-02 06:15:00,2024-01-09 19:22:25.750,7 days 13:07:25.750000
CVE-2023-33114,2024-01-02 06:15:00,2024-01-08 18:48:15.117,6 days 12:33:15.117000
CVE-2023-33116,2024-01-02 06:15:00,2024-01-08 18:49:49.197,6 days 12:34:49.197000
CVE-2023-33117,2024-01-02 06:15:00,2024-01-08 18:50:41.257,6 days 12:35:41.257000
CVE-2023-33118,2024-01-02 06:15:00,2024-01-08 18:51:10.093,6 days 12:36:10.093000
CVE-2023-33120,2024-01-02 06:15:00,2024-01-09 19:22:37.520,7 days 13:07:37.520000
CVE-2023-34061,2024-01-12 07:15:00,2024-01-18 20:24:41.620,6 days 13:09:41.620000
CVE-2023-34087,2024-01-08 15:15:00,2024-01-10 01:19:38.973,1 days 10:04:38.973000
CVE-2023-34321,2024-01-05 17:15:00,2024-01-11 17:08:05.700,5 days 23:53:05.700000
CVE-2023-34322,2024-01-05 17:15:00,2024-01-11 17:07:43.217,5 days 23:52:43.217000
CVE-2023-34323,2024-01-05 17:15:00,2024-01-11 17:07:26.067,5 days 23:52:26.067000
CVE-2023-34324,2024-01-05 17:15:00,2024-01-11 17:12:10.670,5 days 23:57:10.670000
CVE-2023-34325,2024-01-05 17:15:00,2024-01-11 15:57:22.593,5 days 22:42:22.593000
CVE-2023-34326,2024-01-05 17:15:00,2024-01-11 15:57:03.730,5 days 22:42:03.730000
CVE-2023-34327,2024-01-05 17:15:00,2024-01-11 15:56:46.770,5 days 22:41:46.770000
CVE-2023-34328,2024-01-05 17:15:00,2024-01-11 15:56:17.967,5 days 22:41:17.967000
CVE-2023-34332,2024-01-09 23:15:00,2024-01-12 19:20:44.143,2 days 20:05:44.143000
CVE-2023-34333,2024-01-09 23:15:00,2024-01-12 19:19:22.347,2 days 20:04:22.347000
CVE-2023-34436,2024-01-08 15:15:00,2024-01-10 01:19:19.230,1 days 10:04:19.230000
CVE-2023-35004,2024-01-08 15:15:00,2024-01-10 01:19:00.103,1 days 10:04:00.103000
CVE-2023-35057,2024-01-08 15:15:00,2024-01-10 01:18:50.703,1 days 10:03:50.703000
CVE-2023-35128,2024-01-08 15:15:00,2024-01-10 01:18:41.877,1 days 10:03:41.877000
CVE-2023-35702,2024-01-08 15:15:00,2024-01-16 17:33:44.490,8 days 02:18:44.490000
CVE-2023-35703,2024-01-08 15:15:00,2024-01-16 17:34:14.013,8 days 02:19:14.013000
CVE-2023-35704,2024-01-08 15:15:00,2024-01-16 17:34:22.737,8 days 02:19:22.737000
CVE-2023-35955,2024-01-08 15:15:00,2024-01-11 17:31:20.107,3 days 02:16:20.107000
CVE-2023-35956,2024-01-08 15:15:00,2024-01-11 17:31:13.113,3 days 02:16:13.113000
CVE-2023-35957,2024-01-08 15:15:00,2024-01-11 17:30:12.257,3 days 02:15:12.257000
CVE-2023-35958,2024-01-08 15:15:00,2024-01-11 17:30:03.760,3 days 02:15:03.760000
CVE-2023-35959,2024-01-08 15:15:00,2024-01-11 17:29:39.217,3 days 02:14:39.217000
CVE-2023-35960,2024-01-08 15:15:00,2024-01-11 17:29:28.727,3 days 02:14:28.727000
CVE-2023-35961,2024-01-08 15:15:00,2024-01-11 17:29:19.660,3 days 02:14:19.660000
CVE-2023-35962,2024-01-08 15:15:00,2024-01-11 17:29:09.637,3 days 02:14:09.637000
CVE-2023-35963,2024-01-08 15:15:00,2024-01-11 17:28:50.450,3 days 02:13:50.450000
CVE-2023-35964,2024-01-08 15:15:00,2024-01-11 17:27:57.947,3 days 02:12:57.947000
CVE-2023-35969,2024-01-08 15:15:00,2024-01-16 17:34:36.503,8 days 02:19:36.503000
CVE-2023-35970,2024-01-08 15:15:00,2024-01-16 17:34:44.193,8 days 02:19:44.193000
CVE-2023-35989,2024-01-08 15:15:00,2024-01-10 01:18:31.157,1 days 10:03:31.157000
CVE-2023-35992,2024-01-08 15:15:00,2024-01-10 01:18:19.987,1 days 10:03:19.987000
CVE-2023-35994,2024-01-08 15:15:00,2024-01-16 17:34:53.623,8 days 02:19:53.623000
CVE-2023-35995,2024-01-08 15:15:00,2024-01-16 17:22:43.763,8 days 02:07:43.763000
CVE-2023-35996,2024-01-08 15:15:00,2024-01-16 17:22:59.867,8 days 02:07:59.867000
CVE-2023-35997,2024-01-08 15:15:00,2024-01-16 17:23:35.420,8 days 02:08:35.420000
CVE-2023-36629,2024-01-09 02:15:00,2024-01-16 19:13:33.353,7 days 16:58:33.353000
CVE-2023-36746,2024-01-08 15:15:00,2024-01-16 17:23:39.240,8 days 02:08:39.240000
CVE-2023-36747,2024-01-08 15:15:00,2024-01-16 17:23:42.943,8 days 02:08:42.943000
CVE-2023-36842,2024-01-12 01:15:00,2024-01-18 20:15:59.817,6 days 19:00:59.817000
CVE-2023-36861,2024-01-08 15:15:00,2024-01-10 01:18:00.913,1 days 10:03:00.913000
CVE-2023-36864,2024-01-08 15:15:00,2024-01-10 01:17:44.330,1 days 10:02:44.330000
CVE-2023-36915,2024-01-08 15:15:00,2024-01-11 20:09:31.580,3 days 04:54:31.580000
CVE-2023-36916,2024-01-08 15:15:00,2024-01-11 20:04:33.703,3 days 04:49:33.703000
CVE-2023-37117,2024-01-12 07:15:00,2024-01-19 01:57:04.077,6 days 18:42:04.077000
CVE-2023-3726,2024-01-04 15:15:00,2024-01-11 13:40:50.770,6 days 22:25:50.770000
CVE-2023-37282,2024-01-08 15:15:00,2024-01-10 01:17:21.707,1 days 10:02:21.707000
CVE-2023-37293,2024-01-09 23:15:00,2024-01-12 19:18:51.190,2 days 20:03:51.190000
CVE-2023-37294,2024-01-09 23:15:00,2024-01-12 19:18:41.160,2 days 20:03:41.160000
CVE-2023-37295,2024-01-09 23:15:00,2024-01-12 19:18:29.653,2 days 20:03:29.653000
CVE-2023-37296,2024-01-09 23:15:00,2024-01-12 19:18:21.517,2 days 20:03:21.517000
CVE-2023-37297,2024-01-09 23:15:00,2024-01-12 19:18:12.163,2 days 20:03:12.163000
CVE-2023-37416,2024-01-08 15:15:00,2024-01-11 17:27:07.857,3 days 02:12:07.857000
CVE-2023-37417,2024-01-08 15:15:00,2024-01-11 17:58:21.223,3 days 02:43:21.223000
CVE-2023-37418,2024-01-08 15:15:00,2024-01-11 17:58:07.240,3 days 02:43:07.240000
CVE-2023-37419,2024-01-08 15:15:00,2024-01-11 17:57:43.137,3 days 02:42:43.137000
CVE-2023-37420,2024-01-08 15:15:00,2024-01-11 17:57:35.563,3 days 02:42:35.563000
CVE-2023-37442,2024-01-08 15:15:00,2024-01-11 17:57:25.057,3 days 02:42:25.057000
CVE-2023-37443,2024-01-08 15:15:00,2024-01-11 17:57:12.833,3 days 02:42:12.833000
CVE-2023-37444,2024-01-08 15:15:00,2024-01-11 17:57:02.987,3 days 02:42:02.987000
CVE-2023-37445,2024-01-08 15:15:00,2024-01-11 17:56:51.283,3 days 02:41:51.283000
CVE-2023-37446,2024-01-08 15:15:00,2024-01-11 17:56:37.873,3 days 02:41:37.873000
CVE-2023-37447,2024-01-08 15:15:00,2024-01-11 17:56:30.397,3 days 02:41:30.397000
CVE-2023-37573,2024-01-08 15:15:00,2024-01-11 18:00:47.003,3 days 02:45:47.003000
CVE-2023-37574,2024-01-08 15:15:00,2024-01-11 18:00:39.943,3 days 02:45:39.943000
CVE-2023-37575,2024-01-08 15:15:00,2024-01-11 18:00:31.497,3 days 02:45:31.497000
CVE-2023-37576,2024-01-08 15:15:00,2024-01-11 18:00:24.587,3 days 02:45:24.587000
CVE-2023-37577,2024-01-08 15:15:00,2024-01-11 18:00:19.450,3 days 02:45:19.450000
CVE-2023-37578,2024-01-08 15:15:00,2024-01-11 18:00:11.397,3 days 02:45:11.397000
CVE-2023-37644,2024-01-11 08:15:00,2024-01-17 21:39:24.347,6 days 13:24:24.347000
CVE-2023-37921,2024-01-08 15:15:00,2024-01-11 18:00:03.563,3 days 02:45:03.563000
CVE-2023-37922,2024-01-08 15:15:00,2024-01-11 17:59:39.123,3 days 02:44:39.123000
CVE-2023-37923,2024-01-08 15:15:00,2024-01-11 17:59:24.943,3 days 02:44:24.943000
CVE-2023-37932,2024-01-10 18:15:00,2024-01-18 15:50:39.957,7 days 21:35:39.957000
CVE-2023-37934,2024-01-10 18:15:00,2024-01-18 13:55:37.770,7 days 19:40:37.770000
CVE-2023-38267,2024-01-11 03:15:00,2024-01-17 21:31:49.677,6 days 18:16:49.677000
CVE-2023-38583,2024-01-08 15:15:00,2024-01-10 01:17:06.657,1 days 10:02:06.657000
CVE-2023-38607,2024-01-10 22:15:00,2024-01-17 18:08:51.380,6 days 19:53:51.380000
CVE-2023-38610,2024-01-10 22:15:00,2024-01-18 14:34:34.957,7 days 16:19:34.957000
CVE-2023-38612,2024-01-10 22:15:00,2024-01-18 14:34:06.543,7 days 16:19:06.543000
CVE-2023-38618,2024-01-08 15:15:00,2024-01-11 17:59:45.530,3 days 02:44:45.530000
CVE-2023-38619,2024-01-08 15:15:00,2024-01-11 17:58:51.247,3 days 02:43:51.247000
CVE-2023-38620,2024-01-08 15:15:00,2024-01-11 18:09:52.983,3 days 02:54:52.983000
CVE-2023-38621,2024-01-08 15:15:00,2024-01-11 18:09:44.117,3 days 02:54:44.117000
CVE-2023-38622,2024-01-08 15:15:00,2024-01-11 18:09:36.147,3 days 02:54:36.147000
CVE-2023-38623,2024-01-08 15:15:00,2024-01-11 02:06:12.797,2 days 10:51:12.797000
CVE-2023-38648,2024-01-08 15:15:00,2024-01-11 02:09:36.867,2 days 10:54:36.867000
CVE-2023-38649,2024-01-08 15:15:00,2024-01-11 02:09:17.953,2 days 10:54:17.953000
CVE-2023-38650,2024-01-08 15:15:00,2024-01-11 02:08:48.977,2 days 10:53:48.977000
CVE-2023-38651,2024-01-08 15:15:00,2024-01-11 02:08:28.903,2 days 10:53:28.903000
CVE-2023-38652,2024-01-08 15:15:00,2024-01-11 02:08:06.280,2 days 10:53:06.280000
CVE-2023-38653,2024-01-08 15:15:00,2024-01-11 18:09:27.853,3 days 02:54:27.853000
CVE-2023-38657,2024-01-08 15:15:00,2024-01-10 01:16:51.240,1 days 10:01:51.240000
CVE-2023-38674,2024-01-03 09:15:00,2024-01-05 12:14:14.430,2 days 02:59:14.430000
CVE-2023-38827,2024-01-09 22:15:00,2024-01-16 18:57:56.180,6 days 20:42:56.180000
CVE-2023-39234,2024-01-08 15:15:00,2024-01-11 18:09:07.373,3 days 02:54:07.373000
CVE-2023-39235,2024-01-08 15:15:00,2024-01-11 18:08:55.977,3 days 02:53:55.977000
CVE-2023-39270,2024-01-08 15:15:00,2024-01-11 18:06:40.123,3 days 02:51:40.123000
CVE-2023-39271,2024-01-08 15:15:00,2024-01-11 18:06:33.390,3 days 02:51:33.390000
CVE-2023-39272,2024-01-08 15:15:00,2024-01-11 18:06:25.650,3 days 02:51:25.650000
CVE-2023-39273,2024-01-08 15:15:00,2024-01-11 18:06:18.097,3 days 02:51:18.097000
CVE-2023-39274,2024-01-08 15:15:00,2024-01-11 18:06:11.047,3 days 02:51:11.047000
CVE-2023-39275,2024-01-08 15:15:00,2024-01-11 18:06:00.897,3 days 02:51:00.897000
CVE-2023-39294,2024-01-05 17:15:00,2024-01-11 17:09:29.023,5 days 23:54:29.023000
CVE-2023-39296,2024-01-05 17:15:00,2024-01-11 17:09:17.840,5 days 23:54:17.840000
CVE-2023-39316,2024-01-08 15:15:00,2024-01-11 18:05:52.483,3 days 02:50:52.483000
CVE-2023-39317,2024-01-08 15:15:00,2024-01-11 18:05:45.297,3 days 02:50:45.297000
CVE-2023-39336,2024-01-09 02:15:00,2024-01-12 18:56:43.150,3 days 16:41:43.150000
CVE-2023-39413,2024-01-08 15:15:00,2024-01-11 18:05:21.107,3 days 02:50:21.107000
CVE-2023-39414,2024-01-08 15:15:00,2024-01-11 18:05:00.647,3 days 02:50:00.647000
CVE-2023-39443,2024-01-08 15:15:00,2024-01-11 18:01:46.570,3 days 02:46:46.570000
CVE-2023-39444,2024-01-08 15:15:00,2024-01-11 18:01:39.503,3 days 02:46:39.503000
CVE-2023-39853,2024-01-06 04:15:00,2024-01-11 14:47:18.243,5 days 10:32:18.243000
CVE-2023-40250,2024-01-12 02:15:00,2024-01-18 20:24:35.700,6 days 18:09:35.700000
CVE-2023-40362,2024-01-12 08:15:00,2024-01-19 02:09:45.830,6 days 17:54:45.830000
CVE-2023-40383,2024-01-10 22:15:00,2024-01-18 14:33:07.677,7 days 16:18:07.677000
CVE-2023-40385,2024-01-10 22:15:00,2024-01-18 14:32:30.743,7 days 16:17:30.743000
CVE-2023-40393,2024-01-10 22:15:00,2024-01-17 18:30:39.910,6 days 20:15:39.910000
CVE-2023-40394,2024-01-10 22:15:00,2024-01-18 14:31:24.663,7 days 16:16:24.663000
CVE-2023-40411,2024-01-10 22:15:00,2024-01-12 14:41:51.597,1 days 16:26:51.597000
CVE-2023-40414,2024-01-10 22:15:00,2024-01-18 14:30:39.780,7 days 16:15:39.780000
CVE-2023-40430,2024-01-10 22:15:00,2024-01-12 14:42:01.487,1 days 16:27:01.487000
CVE-2023-40433,2024-01-10 22:15:00,2024-01-17 18:52:03.740,6 days 20:37:03.740000
CVE-2023-40437,2024-01-10 22:15:00,2024-01-17 19:06:18.090,6 days 20:51:18.090000
CVE-2023-40438,2024-01-10 22:15:00,2024-01-16 23:51:13.900,6 days 01:36:13.900000
CVE-2023-40439,2024-01-10 22:15:00,2024-01-17 19:12:37.483,6 days 20:57:37.483000
CVE-2023-40529,2024-01-10 22:15:00,2024-01-17 19:14:54.457,6 days 20:59:54.457000
CVE-2023-41056,2024-01-10 16:15:00,2024-01-17 17:34:53.783,7 days 01:19:53.783000
CVE-2023-41060,2024-01-10 22:15:00,2024-01-16 23:51:58.017,6 days 01:36:58.017000
CVE-2023-41069,2024-01-10 22:15:00,2024-01-17 21:26:06.250,6 days 23:11:06.250000
CVE-2023-41075,2024-01-10 22:15:00,2024-01-17 21:03:38.137,6 days 22:48:38.137000
CVE-2023-41287,2024-01-05 17:15:00,2024-01-10 16:58:39.320,4 days 23:43:39.320000
CVE-2023-41288,2024-01-05 17:15:00,2024-01-10 16:58:29.157,4 days 23:43:29.157000
CVE-2023-41289,2024-01-05 17:15:00,2024-01-10 16:58:08.433,4 days 23:43:08.433000
CVE-2023-41603,2024-01-10 08:15:00,2024-01-12 19:13:05.097,2 days 10:58:05.097000
CVE-2023-4164,2024-01-02 22:15:00,2024-01-09 15:44:17.017,6 days 17:29:17.017000
CVE-2023-41710,2024-01-08 09:15:00,2024-01-12 13:56:25.613,4 days 04:41:25.613000
CVE-2023-41776,2024-01-03 02:15:00,2024-01-09 20:01:33.227,6 days 17:46:33.227000
CVE-2023-41779,2024-01-03 02:15:00,2024-01-09 20:01:10.060,6 days 17:46:10.060000
CVE-2023-41780,2024-01-03 02:15:00,2024-01-09 20:00:36.187,6 days 17:45:36.187000
CVE-2023-41781,2024-01-10 07:15:00,2024-01-17 01:24:19.663,6 days 18:09:19.663000
CVE-2023-41782,2024-01-05 02:15:00,2024-01-11 15:53:30.157,6 days 13:38:30.157000
CVE-2023-41783,2024-01-03 02:15:00,2024-01-09 20:00:01.513,6 days 17:45:01.513000
CVE-2023-41784,2024-01-04 08:15:00,2024-01-10 16:42:40.977,6 days 08:27:40.977000
CVE-2023-41974,2024-01-10 22:15:00,2024-01-17 21:17:26.313,6 days 23:02:26.313000
CVE-2023-41987,2024-01-10 22:15:00,2024-01-12 14:42:06.447,1 days 16:27:06.447000
CVE-2023-41994,2024-01-10 22:15:00,2024-01-12 14:42:23.900,1 days 16:27:23.900000
CVE-2023-42358,2024-01-03 06:15:00,2024-01-10 19:39:10.440,7 days 13:24:10.440000
CVE-2023-4246,2024-01-11 09:15:00,2024-01-17 21:47:57.170,6 days 12:32:57.170000
CVE-2023-4247,2024-01-11 09:15:00,2024-01-17 00:01:47.760,5 days 14:46:47.760000
CVE-2023-4248,2024-01-11 09:15:00,2024-01-17 00:00:16.273,5 days 14:45:16.273000
CVE-2023-42797,2024-01-09 10:15:00,2024-01-16 15:29:43.997,7 days 05:14:43.997000
CVE-2023-4280,2024-01-02 17:15:00,2024-01-09 16:51:14.493,6 days 23:36:14.493000
CVE-2023-42826,2024-01-10 22:15:00,2024-01-12 14:42:28.717,1 days 16:27:28.717000
CVE-2023-42828,2024-01-10 22:15:00,2024-01-17 21:22:41.870,6 days 23:07:41.870000
CVE-2023-42829,2024-01-10 22:15:00,2024-01-17 21:14:33.907,6 days 22:59:33.907000
CVE-2023-42830,2024-01-10 22:15:00,2024-01-17 20:56:33.967,6 days 22:41:33.967000
CVE-2023-42831,2024-01-10 22:15:00,2024-01-17 20:51:35.590,6 days 22:36:35.590000
CVE-2023-42832,2024-01-10 22:15:00,2024-01-17 21:16:29.290,6 days 23:01:29.290000
CVE-2023-42833,2024-01-10 22:15:00,2024-01-17 20:50:04.993,6 days 22:35:04.993000
CVE-2023-42862,2024-01-10 22:15:00,2024-01-17 20:51:42.093,6 days 22:36:42.093000
CVE-2023-42865,2024-01-10 22:15:00,2024-01-17 18:13:22.983,6 days 19:58:22.983000
CVE-2023-42866,2024-01-10 22:15:00,2024-01-17 20:46:08.080,6 days 22:31:08.080000
CVE-2023-42869,2024-01-10 22:15:00,2024-01-17 18:19:52.477,6 days 20:04:52.477000
CVE-2023-42870,2024-01-10 22:15:00,2024-01-16 23:52:09.237,6 days 01:37:09.237000
CVE-2023-42871,2024-01-10 22:15:00,2024-01-16 23:52:19.210,6 days 01:37:19.210000
CVE-2023-42872,2024-01-10 22:15:00,2024-01-16 23:52:30.463,6 days 01:37:30.463000
CVE-2023-42876,2024-01-10 22:15:00,2024-01-12 14:42:40.440,1 days 16:27:40.440000
CVE-2023-42929,2024-01-10 22:15:00,2024-01-12 14:42:35.287,1 days 16:27:35.287000
CVE-2023-42933,2024-01-10 22:15:00,2024-01-12 14:42:31.597,1 days 16:27:31.597000
CVE-2023-42934,2024-01-10 22:15:00,2024-01-16 23:52:48.797,6 days 01:37:48.797000
CVE-2023-42941,2024-01-10 22:15:00,2024-01-16 23:54:14.287,6 days 01:39:14.287000
CVE-2023-43511,2024-01-02 06:15:00,2024-01-08 18:56:41.220,6 days 12:41:41.220000
CVE-2023-43512,2024-01-02 06:15:00,2024-01-08 18:58:42.440,6 days 12:43:42.440000
CVE-2023-43514,2024-01-02 06:15:00,2024-01-08 18:59:13.470,6 days 12:44:13.470000
CVE-2023-4372,2024-01-11 09:15:00,2024-01-17 21:50:15.357,6 days 12:35:15.357000
CVE-2023-44120,2024-01-09 10:15:00,2024-01-16 15:36:11.787,7 days 05:21:11.787000
CVE-2023-44250,2024-01-10 18:15:00,2024-01-18 13:54:40.420,7 days 19:39:40.420000
CVE-2023-45039,2024-01-05 17:15:00,2024-01-10 16:59:35.900,4 days 23:44:35.900000
CVE-2023-45040,2024-01-05 17:15:00,2024-01-10 16:57:27.493,4 days 23:42:27.493000
CVE-2023-45041,2024-01-05 17:15:00,2024-01-10 16:57:18.467,4 days 23:42:18.467000
CVE-2023-45042,2024-01-05 17:15:00,2024-01-10 16:57:07.200,4 days 23:42:07.200000
CVE-2023-45043,2024-01-05 17:15:00,2024-01-10 16:54:50.947,4 days 23:39:50.947000
CVE-2023-45044,2024-01-05 17:15:00,2024-01-10 16:54:34.530,4 days 23:39:34.530000
CVE-2023-45139,2024-01-10 16:15:00,2024-01-17 15:36:52.247,6 days 23:21:52.247000
CVE-2023-45169,2024-01-11 03:15:00,2024-01-16 21:23:19.317,5 days 18:08:19.317000
CVE-2023-45171,2024-01-11 03:15:00,2024-01-16 21:23:33.897,5 days 18:08:33.897000
CVE-2023-45173,2024-01-11 02:15:00,2024-01-16 21:23:01.967,5 days 19:08:01.967000
CVE-2023-45175,2024-01-11 02:15:00,2024-01-16 21:23:11.520,5 days 19:08:11.520000
CVE-2023-45561,2024-01-02 21:15:00,2024-01-08 19:32:10.713,5 days 22:17:10.713000
CVE-2023-45722,2024-01-03 03:15:00,2024-01-09 19:41:37.500,6 days 16:26:37.500000
CVE-2023-45723,2024-01-03 03:15:00,2024-01-09 18:52:37.720,6 days 15:37:37.720000
CVE-2023-45724,2024-01-03 03:15:00,2024-01-09 18:34:41.847,6 days 15:19:41.847000
CVE-2023-45892,2024-01-02 21:15:00,2024-01-08 19:31:03.053,5 days 22:16:03.053000
CVE-2023-45893,2024-01-02 21:15:00,2024-01-08 19:30:51.930,5 days 22:15:51.930000
CVE-2023-46308,2024-01-03 05:15:00,2024-01-09 17:47:09.947,6 days 12:32:09.947000
CVE-2023-46474,2024-01-11 22:15:00,2024-01-18 19:23:18.687,6 days 21:08:18.687000
CVE-2023-46712,2024-01-10 18:15:00,2024-01-17 18:25:21.627,7 days 00:10:21.627000
CVE-2023-46805,2024-01-12 17:15:00,2024-01-12 20:47:00.953,0 days 03:32:00.953000
CVE-2023-46835,2024-01-05 17:15:00,2024-01-11 15:56:04.103,5 days 22:41:04.103000
CVE-2023-46836,2024-01-05 17:15:00,2024-01-11 17:09:02.030,5 days 23:54:02.030000
CVE-2023-46837,2024-01-05 17:15:00,2024-01-11 17:08:38.747,5 days 23:53:38.747000
CVE-2023-46906,2024-01-09 01:15:00,2024-01-12 15:18:52.423,3 days 14:03:52.423000
CVE-2023-46929,2024-01-03 19:15:00,2024-01-10 19:26:28.660,7 days 00:11:28.660000
CVE-2023-46953,2024-01-06 05:15:00,2024-01-11 17:06:37.447,5 days 11:51:37.447000
CVE-2023-47039,2024-01-02 06:15:00,2024-01-08 19:02:03.553,6 days 12:47:03.553000
CVE-2023-47140,2024-01-08 03:15:00,2024-01-11 16:58:30.743,3 days 13:43:30.743000
CVE-2023-47145,2024-01-07 19:15:00,2024-01-11 16:01:42.370,3 days 20:46:42.370000
CVE-2023-47171,2024-01-10 16:15:00,2024-01-17 15:22:38.983,6 days 23:07:38.983000
CVE-2023-47211,2024-01-08 15:15:00,2024-01-12 18:44:45.420,4 days 03:29:45.420000
CVE-2023-47216,2024-01-02 08:15:00,2024-01-05 22:22:24.673,3 days 14:07:24.673000
CVE-2023-47219,2024-01-05 17:15:00,2024-01-10 16:53:51.953,4 days 23:38:51.953000
CVE-2023-47458,2024-01-02 21:15:00,2024-01-08 19:29:49.170,5 days 22:14:49.170000
CVE-2023-47473,2024-01-03 07:15:00,2024-01-10 19:44:05.017,7 days 12:29:05.017000
CVE-2023-47559,2024-01-05 17:15:00,2024-01-11 13:56:50.067,5 days 20:41:50.067000
CVE-2023-47560,2024-01-05 17:15:00,2024-01-11 14:07:09.607,5 days 20:52:09.607000
CVE-2023-47857,2024-01-02 08:15:00,2024-01-05 22:05:02.307,3 days 13:50:02.307000
CVE-2023-47858,2024-01-02 10:15:00,2024-01-08 19:03:08.110,6 days 08:48:08.110000
CVE-2023-47861,2024-01-10 16:15:00,2024-01-17 15:21:57.443,6 days 23:06:57.443000
CVE-2023-47862,2024-01-10 16:15:00,2024-01-17 15:21:15.093,6 days 23:06:15.093000
CVE-2023-47890,2024-01-08 20:15:00,2024-01-11 20:01:55.787,2 days 23:46:55.787000
CVE-2023-47992,2024-01-09 23:15:00,2024-01-16 21:03:04.797,6 days 21:48:04.797000
CVE-2023-47993,2024-01-09 23:15:00,2024-01-16 21:02:52.140,6 days 21:47:52.140000
CVE-2023-47994,2024-01-09 23:15:00,2024-01-16 21:02:41.423,6 days 21:47:41.423000
CVE-2023-47995,2024-01-09 23:15:00,2024-01-16 21:02:27.183,6 days 21:47:27.183000
CVE-2023-47996,2024-01-09 23:15:00,2024-01-16 20:59:05.927,6 days 21:44:05.927000
CVE-2023-47997,2024-01-10 00:15:00,2024-01-16 20:58:57.277,6 days 20:43:57.277000
CVE-2023-4812,2024-01-12 14:15:00,2024-01-18 21:18:27.890,6 days 07:03:27.890000
CVE-2023-48242,2024-01-10 11:15:00,2024-01-16 20:17:56.880,6 days 09:02:56.880000
CVE-2023-48243,2024-01-10 11:15:00,2024-01-16 20:17:42.003,6 days 09:02:42.003000
CVE-2023-48244,2024-01-10 11:15:00,2024-01-16 20:17:17.967,6 days 09:02:17.967000
CVE-2023-48245,2024-01-10 11:15:00,2024-01-16 20:17:01.717,6 days 09:02:01.717000
CVE-2023-48246,2024-01-10 11:15:00,2024-01-16 19:47:37.697,6 days 08:32:37.697000
CVE-2023-48247,2024-01-10 11:15:00,2024-01-16 19:53:35.727,6 days 08:38:35.727000
CVE-2023-48248,2024-01-10 11:15:00,2024-01-17 20:31:27.270,7 days 09:16:27.270000
CVE-2023-48249,2024-01-10 11:15:00,2024-01-16 19:59:39.220,6 days 08:44:39.220000
CVE-2023-48250,2024-01-10 11:15:00,2024-01-17 20:31:45.170,7 days 09:16:45.170000
CVE-2023-48251,2024-01-10 13:15:00,2024-01-17 20:32:27.970,7 days 07:17:27.970000
CVE-2023-48252,2024-01-10 13:15:00,2024-01-17 20:37:04.087,7 days 07:22:04.087000
CVE-2023-48253,2024-01-10 13:15:00,2024-01-17 20:35:48.150,7 days 07:20:48.150000
CVE-2023-48254,2024-01-10 13:15:00,2024-01-18 19:47:25.097,8 days 06:32:25.097000
CVE-2023-48255,2024-01-10 13:15:00,2024-01-18 19:29:46.503,8 days 06:14:46.503000
CVE-2023-48256,2024-01-10 13:15:00,2024-01-16 22:05:01.160,6 days 08:50:01.160000
CVE-2023-48257,2024-01-10 13:15:00,2024-01-16 22:07:15.033,6 days 08:52:15.033000
CVE-2023-48258,2024-01-10 13:15:00,2024-01-16 21:51:00.227,6 days 08:36:00.227000
CVE-2023-48259,2024-01-10 13:15:00,2024-01-16 20:16:25.603,6 days 07:01:25.603000
CVE-2023-48260,2024-01-10 13:15:00,2024-01-16 20:16:05.800,6 days 07:01:05.800000
CVE-2023-48261,2024-01-10 13:15:00,2024-01-16 20:15:31.993,6 days 07:00:31.993000
CVE-2023-48262,2024-01-10 13:15:00,2024-01-16 20:30:28.303,6 days 07:15:28.303000
CVE-2023-48263,2024-01-10 13:15:00,2024-01-16 20:30:41.693,6 days 07:15:41.693000
CVE-2023-48264,2024-01-10 13:15:00,2024-01-16 20:30:58.487,6 days 07:15:58.487000
CVE-2023-48265,2024-01-10 13:15:00,2024-01-16 20:31:20.237,6 days 07:16:20.237000
CVE-2023-48266,2024-01-10 13:15:00,2024-01-16 20:31:40.727,6 days 07:16:40.727000
CVE-2023-48360,2024-01-02 08:15:00,2024-01-05 22:04:53.360,3 days 13:49:53.360000
CVE-2023-48418,2024-01-02 23:15:00,2024-01-09 17:30:39.377,6 days 18:15:39.377000
CVE-2023-48419,2024-01-02 19:15:00,2024-01-09 15:36:14.880,6 days 20:21:14.880000
CVE-2023-48728,2024-01-10 16:15:00,2024-01-17 15:19:11.510,6 days 23:04:11.510000
CVE-2023-48730,2024-01-10 16:15:00,2024-01-17 15:17:52.493,6 days 23:02:52.493000
CVE-2023-48732,2024-01-02 10:15:00,2024-01-08 19:03:27.600,6 days 08:48:27.600000
CVE-2023-48783,2024-01-10 18:15:00,2024-01-17 18:24:38.630,7 days 00:09:38.630000
CVE-2023-48864,2024-01-10 08:15:00,2024-01-17 01:35:05.423,6 days 17:20:05.423000
CVE-2023-48909,2024-01-12 09:15:00,2024-01-22 16:33:28.673,10 days 07:18:28.673000
CVE-2023-49121,2024-01-09 10:15:00,2024-01-10 20:31:15.803,1 days 10:16:15.803000
CVE-2023-49122,2024-01-09 10:15:00,2024-01-10 20:31:25.820,1 days 10:16:25.820000
CVE-2023-49123,2024-01-09 10:15:00,2024-01-10 20:31:36.877,1 days 10:16:36.877000
CVE-2023-49124,2024-01-09 10:15:00,2024-01-10 20:29:11.333,1 days 10:14:11.333000
CVE-2023-49126,2024-01-09 10:15:00,2024-01-10 20:28:58.353,1 days 10:13:58.353000
CVE-2023-49127,2024-01-09 10:15:00,2024-01-10 20:28:49.527,1 days 10:13:49.527000
CVE-2023-49128,2024-01-09 10:15:00,2024-01-10 20:28:33.707,1 days 10:13:33.707000
CVE-2023-49129,2024-01-09 10:15:00,2024-01-10 20:30:03.093,1 days 10:15:03.093000
CVE-2023-49130,2024-01-09 10:15:00,2024-01-10 20:30:18.637,1 days 10:15:18.637000
CVE-2023-49131,2024-01-09 10:15:00,2024-01-10 20:30:29.020,1 days 10:15:29.020000
CVE-2023-49132,2024-01-09 10:15:00,2024-01-10 20:30:39.833,1 days 10:15:39.833000
CVE-2023-49135,2024-01-02 08:15:00,2024-01-05 22:04:16.450,3 days 13:49:16.450000
CVE-2023-49142,2024-01-02 08:15:00,2024-01-05 22:03:59.810,3 days 13:48:59.810000
CVE-2023-49235,2024-01-09 09:15:00,2024-01-12 19:51:24.610,3 days 10:36:24.610000
CVE-2023-49236,2024-01-09 09:15:00,2024-01-12 20:39:27.210,3 days 11:24:27.210000
CVE-2023-49237,2024-01-09 09:15:00,2024-01-16 14:51:27.700,7 days 05:36:27.700000
CVE-2023-49238,2024-01-09 02:15:00,2024-01-16 15:24:35.717,7 days 13:09:35.717000
CVE-2023-49251,2024-01-09 10:15:00,2024-01-12 15:37:49.750,3 days 05:22:49.750000
CVE-2023-49252,2024-01-09 10:15:00,2024-01-11 22:43:37.107,2 days 12:28:37.107000
CVE-2023-49253,2024-01-12 15:15:00,2024-01-18 21:14:22.837,6 days 05:59:22.837000
CVE-2023-49254,2024-01-12 15:15:00,2024-01-18 21:14:11.903,6 days 05:59:11.903000
CVE-2023-49255,2024-01-12 15:15:00,2024-01-19 02:11:57.810,6 days 10:56:57.810000
CVE-2023-49256,2024-01-12 15:15:00,2024-01-18 21:14:03.503,6 days 05:59:03.503000
CVE-2023-49257,2024-01-12 15:15:00,2024-01-18 21:13:51.637,6 days 05:58:51.637000
CVE-2023-49258,2024-01-12 15:15:00,2024-01-18 20:38:29.233,6 days 05:23:29.233000
CVE-2023-49259,2024-01-12 15:15:00,2024-01-18 20:33:22.177,6 days 05:18:22.177000
CVE-2023-49260,2024-01-12 15:15:00,2024-01-18 20:22:01.970,6 days 05:07:01.970000
CVE-2023-49261,2024-01-12 15:15:00,2024-01-18 20:21:50.317,6 days 05:06:50.317000
CVE-2023-49262,2024-01-12 15:15:00,2024-01-19 02:11:40.770,6 days 10:56:40.770000
CVE-2023-49295,2024-01-10 22:15:00,2024-01-19 19:05:52.563,8 days 20:50:52.563000
CVE-2023-49394,2024-01-10 09:15:00,2024-01-17 13:33:05.037,7 days 04:18:05.037000
CVE-2023-49427,2024-01-10 09:15:00,2024-01-12 19:13:41.387,2 days 09:58:41.387000
CVE-2023-49442,2024-01-03 21:15:00,2024-01-10 20:26:06.427,6 days 23:11:06.427000
CVE-2023-49471,2024-01-10 09:15:00,2024-01-17 13:41:42.823,7 days 04:26:42.823000
CVE-2023-49549,2024-01-02 23:15:00,2024-01-09 16:18:48.533,6 days 17:03:48.533000
CVE-2023-49550,2024-01-02 23:15:00,2024-01-05 23:53:00.197,3 days 00:38:00.197000
CVE-2023-49551,2024-01-02 23:15:00,2024-01-05 23:53:48.127,3 days 00:38:48.127000
CVE-2023-49552,2024-01-02 23:15:00,2024-01-09 16:25:24.990,6 days 17:10:24.990000
CVE-2023-49553,2024-01-02 23:15:00,2024-01-09 16:40:43.283,6 days 17:25:43.283000
CVE-2023-49554,2024-01-03 00:15:00,2024-01-09 17:18:19.590,6 days 17:03:19.590000
CVE-2023-49555,2024-01-03 00:15:00,2024-01-09 17:05:14.360,6 days 16:50:14.360000
CVE-2023-49556,2024-01-03 00:15:00,2024-01-09 16:59:09.240,6 days 16:44:09.240000
CVE-2023-49557,2024-01-03 00:15:00,2024-01-09 16:52:22.047,6 days 16:37:22.047000
CVE-2023-49558,2024-01-03 00:15:00,2024-01-09 16:49:04.167,6 days 16:34:04.167000
CVE-2023-49568,2024-01-12 11:15:00,2024-01-22 17:57:41.203,10 days 06:42:41.203000
CVE-2023-49569,2024-01-12 11:15:00,2024-01-22 18:57:03.513,10 days 07:42:03.513000
CVE-2023-49589,2024-01-10 16:15:00,2024-01-17 15:16:26.837,6 days 23:01:26.837000
CVE-2023-49599,2024-01-10 16:15:00,2024-01-17 15:14:39.333,6 days 22:59:39.333000
CVE-2023-4960,2024-01-11 09:15:00,2024-01-17 21:53:01.510,6 days 12:38:01.510000
CVE-2023-49619,2024-01-10 09:15:00,2024-01-17 13:44:55.800,7 days 04:29:55.800000
CVE-2023-4962,2024-01-11 09:15:00,2024-01-17 21:58:45.013,6 days 12:43:45.013000
CVE-2023-49621,2024-01-09 10:15:00,2024-01-11 22:46:50.273,2 days 12:31:50.273000
CVE-2023-49622,2024-01-04 14:15:00,2024-01-10 01:14:24.720,5 days 10:59:24.720000
CVE-2023-49624,2024-01-04 14:15:00,2024-01-10 01:14:18.430,5 days 10:59:18.430000
CVE-2023-49625,2024-01-04 14:15:00,2024-01-10 01:14:10.037,5 days 10:59:10.037000
CVE-2023-49633,2024-01-04 14:15:00,2024-01-10 01:14:03.873,5 days 10:59:03.873000
CVE-2023-49639,2024-01-04 14:15:00,2024-01-10 01:13:57.130,5 days 10:58:57.130000
CVE-2023-49658,2024-01-04 14:15:00,2024-01-10 01:13:48.697,5 days 10:58:48.697000
CVE-2023-49665,2024-01-04 14:15:00,2024-01-10 01:13:39.957,5 days 10:58:39.957000
CVE-2023-49666,2024-01-04 14:15:00,2024-01-10 01:13:33.647,5 days 10:58:33.647000
CVE-2023-49715,2024-01-10 16:15:00,2024-01-17 15:14:14.117,6 days 22:59:14.117000
CVE-2023-49722,2024-01-09 10:15:00,2024-01-16 15:52:19.947,7 days 05:37:19.947000
CVE-2023-49738,2024-01-10 16:15:00,2024-01-17 15:08:28.863,6 days 22:53:28.863000
CVE-2023-49794,2024-01-02 20:15:00,2024-01-08 19:37:53.740,5 days 23:22:53.740000
CVE-2023-49810,2024-01-10 16:15:00,2024-01-17 15:07:26.077,6 days 22:52:26.077000
CVE-2023-49862,2024-01-10 16:15:00,2024-01-18 19:29:20.017,8 days 03:14:20.017000
CVE-2023-49863,2024-01-10 16:15:00,2024-01-18 19:29:12.650,8 days 03:14:12.650000
CVE-2023-49864,2024-01-10 16:15:00,2024-01-16 21:11:59.320,6 days 04:56:59.320000
CVE-2023-49961,2024-01-08 21:15:00,2024-01-12 16:13:48.363,3 days 18:58:48.363000
CVE-2023-50019,2024-01-02 22:15:00,2024-01-11 17:28:54.270,8 days 19:13:54.270000
CVE-2023-50020,2024-01-02 22:15:00,2024-01-11 17:35:56.763,8 days 19:20:56.763000
CVE-2023-50027,2024-01-05 09:15:00,2024-01-11 14:26:14.303,6 days 05:11:14.303000
CVE-2023-50082,2024-01-04 08:15:00,2024-01-10 16:42:06.083,6 days 08:27:06.083000
CVE-2023-50090,2024-01-03 20:15:00,2024-01-09 21:18:46.217,6 days 01:03:46.217000
CVE-2023-50094,2024-01-01 18:15:00,2024-01-09 20:48:00.673,8 days 02:33:00.673000
CVE-2023-50096,2024-01-01 18:15:00,2024-01-09 18:29:41.830,8 days 00:14:41.830000
CVE-2023-50120,2024-01-10 09:15:00,2024-01-18 17:18:05.337,8 days 08:03:05.337000
CVE-2023-50121,2024-01-06 05:15:00,2024-01-12 18:47:56.157,6 days 13:32:56.157000
CVE-2023-50123,2024-01-11 21:15:00,2024-01-19 15:10:06.837,7 days 17:55:06.837000
CVE-2023-50124,2024-01-11 21:15:00,2024-01-19 14:42:04.510,7 days 17:27:04.510000
CVE-2023-50125,2024-01-11 21:15:00,2024-01-19 15:32:56.987,7 days 18:17:56.987000
CVE-2023-50126,2024-01-11 21:15:00,2024-01-19 14:33:53.083,7 days 17:18:53.083000
CVE-2023-50127,2024-01-11 21:15:00,2024-01-18 20:21:22.973,6 days 23:06:22.973000
CVE-2023-50128,2024-01-11 21:15:00,2024-01-19 15:29:21.520,7 days 18:14:21.520000
CVE-2023-50129,2024-01-11 21:15:00,2024-01-19 14:08:23.540,7 days 16:53:23.540000
CVE-2023-50136,2024-01-09 22:15:00,2024-01-16 18:51:33.897,6 days 20:36:33.897000
CVE-2023-50159,2024-01-11 14:15:00,2024-01-18 17:56:59.890,7 days 03:41:59.890000
CVE-2023-50162,2024-01-09 00:15:00,2024-01-11 20:05:12.270,2 days 19:50:12.270000
CVE-2023-50172,2024-01-10 16:15:00,2024-01-18 14:28:59.987,7 days 22:13:59.987000
CVE-2023-50256,2024-01-03 23:15:00,2024-01-10 20:00:20.810,6 days 20:45:20.810000
CVE-2023-50333,2024-01-02 10:15:00,2024-01-08 19:04:13.127,6 days 08:49:13.127000
CVE-2023-50341,2024-01-03 03:15:00,2024-01-09 18:07:10.673,6 days 14:52:10.673000
CVE-2023-50342,2024-01-03 03:15:00,2024-01-09 18:06:28.307,6 days 14:51:28.307000
CVE-2023-50343,2024-01-03 03:15:00,2024-01-09 17:58:38.073,6 days 14:43:38.073000
CVE-2023-50344,2024-01-03 03:15:00,2024-01-09 17:51:58.357,6 days 14:36:58.357000
CVE-2023-50345,2024-01-03 02:15:00,2024-01-09 19:50:11.830,6 days 17:35:11.830000
CVE-2023-50346,2024-01-03 02:15:00,2024-01-09 19:50:45.667,6 days 17:35:45.667000
CVE-2023-50348,2024-01-03 02:15:00,2024-01-09 19:50:04.400,6 days 17:35:04.400000
CVE-2023-50350,2024-01-03 02:15:00,2024-01-09 19:44:18.807,6 days 17:29:18.807000
CVE-2023-50351,2024-01-03 02:15:00,2024-01-09 19:41:58.480,6 days 17:26:58.480000
CVE-2023-50585,2024-01-09 09:15:00,2024-01-12 15:38:04.177,3 days 06:23:04.177000
CVE-2023-50609,2024-01-06 04:15:00,2024-01-11 14:54:52.890,5 days 10:39:52.890000
CVE-2023-50612,2024-01-06 03:15:00,2024-01-11 15:02:43.737,5 days 11:47:43.737000
CVE-2023-50630,2024-01-04 08:15:00,2024-01-10 16:41:48.407,6 days 08:26:48.407000
CVE-2023-50643,2024-01-09 01:15:00,2024-01-12 15:37:50.080,3 days 14:22:50.080000
CVE-2023-50671,2024-01-11 17:15:00,2024-01-18 18:54:54.873,7 days 01:39:54.873000
CVE-2023-50711,2024-01-02 20:15:00,2024-01-08 19:36:27.300,5 days 23:21:27.300000
CVE-2023-50743,2024-01-04 14:15:00,2024-01-10 01:13:27.113,5 days 10:58:27.113000
CVE-2023-50752,2024-01-04 14:15:00,2024-01-10 01:13:17.340,5 days 10:58:17.340000
CVE-2023-50753,2024-01-04 14:15:00,2024-01-10 01:13:11.037,5 days 10:58:11.037000
CVE-2023-50760,2024-01-04 15:15:00,2024-01-10 01:13:05.230,5 days 09:58:05.230000
CVE-2023-50862,2024-01-04 15:15:00,2024-01-10 01:12:52.370,5 days 09:57:52.370000
CVE-2023-50863,2024-01-04 15:15:00,2024-01-10 01:12:42.617,5 days 09:57:42.617000
CVE-2023-50864,2024-01-04 15:15:00,2024-01-10 01:12:35.777,5 days 09:57:35.777000
CVE-2023-50865,2024-01-04 15:15:00,2024-01-10 01:12:29.483,5 days 09:57:29.483000
CVE-2023-50866,2024-01-04 15:15:00,2024-01-10 01:12:23.513,5 days 09:57:23.513000
CVE-2023-50867,2024-01-04 15:15:00,2024-01-10 01:12:15.113,5 days 09:57:15.113000
CVE-2023-5091,2024-01-08 10:15:00,2024-01-12 13:39:11.453,4 days 03:24:11.453000
CVE-2023-50916,2024-01-10 19:15:00,2024-01-19 17:49:52.783,8 days 22:34:52.783000
CVE-2023-50919,2024-01-12 08:15:00,2024-01-19 02:10:22.927,6 days 17:55:22.927000
CVE-2023-50920,2024-01-12 08:15:00,2024-01-19 02:11:15.073,6 days 17:56:15.073000
CVE-2023-50922,2024-01-03 08:15:00,2024-01-10 13:52:10.747,7 days 05:37:10.747000
CVE-2023-50930,2024-01-09 07:15:00,2024-01-17 20:28:33.180,8 days 13:13:33.180000
CVE-2023-50931,2024-01-09 07:15:00,2024-01-17 20:29:51.147,8 days 13:14:51.147000
CVE-2023-50932,2024-01-09 07:15:00,2024-01-17 20:30:07.050,8 days 13:15:07.050000
CVE-2023-50948,2024-01-08 02:15:00,2024-01-11 17:00:50.090,3 days 14:45:50.090000
CVE-2023-50974,2024-01-09 09:15:00,2024-01-12 20:25:04.183,3 days 11:10:04.183000
CVE-2023-50982,2024-01-08 20:15:00,2024-01-12 16:28:34.440,3 days 20:13:34.440000
CVE-2023-50991,2024-01-05 10:15:00,2024-01-09 15:30:48.587,4 days 05:15:48.587000
CVE-2023-51071,2024-01-13 04:15:00,2024-01-19 15:20:47.517,6 days 11:05:47.517000
CVE-2023-51073,2024-01-11 03:15:00,2024-01-18 15:05:25.193,7 days 11:50:25.193000
CVE-2023-51123,2024-01-10 22:15:00,2024-01-17 18:23:36.650,6 days 20:08:36.650000
CVE-2023-51126,2024-01-10 21:15:00,2024-01-17 21:10:20.850,6 days 23:55:20.850000
CVE-2023-51127,2024-01-10 21:15:00,2024-01-17 22:16:06.440,7 days 01:01:06.440000
CVE-2023-51154,2024-01-04 19:15:00,2024-01-10 15:58:18.747,5 days 20:43:18.747000
CVE-2023-5118,2024-01-11 16:15:00,2024-01-18 16:01:37.663,6 days 23:46:37.663000
CVE-2023-51246,2024-01-08 20:15:00,2024-01-12 16:31:28.797,3 days 20:16:28.797000
CVE-2023-51252,2024-01-10 09:15:00,2024-01-16 14:52:36.920,6 days 05:37:36.920000
CVE-2023-51277,2024-01-05 05:15:00,2024-01-11 17:01:29.987,6 days 11:46:29.987000
CVE-2023-51350,2024-01-11 23:15:00,2024-01-18 19:31:11.167,6 days 20:16:11.167000
CVE-2023-5138,2024-01-03 23:15:00,2024-01-10 16:37:55.880,6 days 17:22:55.880000
CVE-2023-51406,2024-01-08 21:15:00,2024-01-12 15:58:15.580,3 days 18:43:15.580000
CVE-2023-51408,2024-01-08 21:15:00,2024-01-12 15:42:37.717,3 days 18:27:37.717000
CVE-2023-51438,2024-01-09 10:15:00,2024-01-16 16:16:21.647,7 days 06:01:21.647000
CVE-2023-51439,2024-01-09 10:15:00,2024-01-11 20:36:36.077,2 days 10:21:36.077000
CVE-2023-51441,2024-01-06 12:15:00,2024-01-12 21:04:54.350,6 days 08:49:54.350000
CVE-2023-51490,2024-01-08 21:15:00,2024-01-12 16:36:26.670,3 days 19:21:26.670000
CVE-2023-51502,2024-01-05 08:15:00,2024-01-11 14:16:03.040,6 days 06:01:03.040000
CVE-2023-51508,2024-01-08 21:15:00,2024-01-12 18:53:51.397,3 days 21:38:51.397000
CVE-2023-51535,2024-01-05 10:15:00,2024-01-09 15:21:54.803,4 days 05:06:54.803000
CVE-2023-51538,2024-01-05 10:15:00,2024-01-09 15:02:46.607,4 days 04:47:46.607000
CVE-2023-51539,2024-01-05 10:15:00,2024-01-12 14:40:09.363,7 days 04:25:09.363000
CVE-2023-51652,2024-01-02 20:15:00,2024-01-08 19:35:18.900,5 days 23:20:18.900000
CVE-2023-51668,2024-01-05 10:15:00,2024-01-09 14:27:16.837,4 days 04:12:16.837000
CVE-2023-51673,2024-01-05 10:15:00,2024-01-09 14:22:21.917,4 days 04:07:21.917000
CVE-2023-51678,2024-01-05 10:15:00,2024-01-10 04:02:59.800,4 days 17:47:59.800000
CVE-2023-51701,2024-01-08 14:15:00,2024-01-11 17:33:45.087,3 days 03:18:45.087000
CVE-2023-51717,2024-01-09 02:15:00,2024-01-12 15:17:16.470,3 days 13:02:16.470000
CVE-2023-51744,2024-01-09 10:15:00,2024-01-11 20:39:08.503,2 days 10:24:08.503000
CVE-2023-51745,2024-01-09 10:15:00,2024-01-11 20:39:21.347,2 days 10:24:21.347000
CVE-2023-51746,2024-01-09 10:15:00,2024-01-11 20:35:08.517,2 days 10:20:08.517000
CVE-2023-51748,2024-01-11 14:15:00,2024-01-18 18:45:55.030,7 days 04:30:55.030000
CVE-2023-51749,2024-01-11 14:15:00,2024-01-18 18:54:46.520,7 days 04:39:46.520000
CVE-2023-51750,2024-01-11 14:15:00,2024-01-22 19:09:58.087,11 days 04:54:58.087000
CVE-2023-51751,2024-01-11 14:15:00,2024-01-22 18:41:31.703,11 days 04:26:31.703000
CVE-2023-51780,2024-01-11 19:15:00,2024-01-18 19:59:04.847,7 days 00:44:04.847000
CVE-2023-51781,2024-01-11 19:15:00,2024-01-18 19:58:50.643,7 days 00:43:50.643000
CVE-2023-51782,2024-01-11 19:15:00,2024-01-18 19:25:22.957,7 days 00:10:22.957000
CVE-2023-51790,2024-01-12 13:15:00,2024-01-18 19:47:57.370,6 days 06:32:57.370000
CVE-2023-51806,2024-01-12 13:15:00,2024-01-18 19:58:15.163,6 days 06:43:15.163000
CVE-2023-51812,2024-01-04 19:15:00,2024-01-10 15:57:32.967,5 days 20:42:32.967000
CVE-2023-51949,2024-01-12 15:15:00,2024-01-19 18:37:41.117,7 days 03:22:41.117000
CVE-2023-51952,2024-01-10 15:15:00,2024-01-13 01:37:13.650,2 days 10:22:13.650000
CVE-2023-51953,2024-01-10 15:15:00,2024-01-13 01:37:10.040,2 days 10:22:10.040000
CVE-2023-51954,2024-01-10 15:15:00,2024-01-13 01:37:07.877,2 days 10:22:07.877000
CVE-2023-51955,2024-01-10 15:15:00,2024-01-13 01:37:05.603,2 days 10:22:05.603000
CVE-2023-51956,2024-01-10 15:15:00,2024-01-13 01:37:00.757,2 days 10:22:00.757000
CVE-2023-51957,2024-01-10 15:15:00,2024-01-13 01:37:02.430,2 days 10:22:02.430000
CVE-2023-51958,2024-01-10 15:15:00,2024-01-13 01:36:59.070,2 days 10:21:59.070000
CVE-2023-51959,2024-01-10 15:15:00,2024-01-13 01:36:56.550,2 days 10:21:56.550000
CVE-2023-51960,2024-01-10 15:15:00,2024-01-13 01:36:54.753,2 days 10:21:54.753000
CVE-2023-51961,2024-01-10 14:15:00,2024-01-13 01:36:47.627,2 days 11:21:47.627000
CVE-2023-51962,2024-01-10 16:15:00,2024-01-13 01:36:45.707,2 days 09:21:45.707000
CVE-2023-51963,2024-01-10 15:15:00,2024-01-13 01:36:53.503,2 days 10:21:53.503000
CVE-2023-51964,2024-01-10 15:15:00,2024-01-13 01:36:52.127,2 days 10:21:52.127000
CVE-2023-51965,2024-01-10 15:15:00,2024-01-13 01:36:50.600,2 days 10:21:50.600000
CVE-2023-51966,2024-01-10 14:15:00,2024-01-13 01:36:49.003,2 days 11:21:49.003000
CVE-2023-51967,2024-01-10 16:15:00,2024-01-13 01:36:44.333,2 days 09:21:44.333000
CVE-2023-51968,2024-01-10 16:15:00,2024-01-13 01:36:42.887,2 days 09:21:42.887000
CVE-2023-51969,2024-01-10 16:15:00,2024-01-13 01:36:31.270,2 days 09:21:31.270000
CVE-2023-51970,2024-01-10 16:15:00,2024-01-13 01:36:40.457,2 days 09:21:40.457000
CVE-2023-51971,2024-01-10 13:15:00,2024-01-12 19:22:55.470,2 days 06:07:55.470000
CVE-2023-51972,2024-01-10 13:15:00,2024-01-12 19:22:50.437,2 days 06:07:50.437000
CVE-2023-51978,2024-01-12 16:15:00,2024-01-20 18:44:02.833,8 days 02:29:02.833000
CVE-2023-51984,2024-01-11 16:15:00,2024-01-18 15:34:34.047,6 days 23:19:34.047000
CVE-2023-51987,2024-01-11 16:15:00,2024-01-18 15:34:58.537,6 days 23:19:58.537000
CVE-2023-51989,2024-01-11 16:15:00,2024-01-18 15:35:15.510,6 days 23:20:15.510000
CVE-2023-52026,2024-01-12 13:15:00,2024-01-18 20:20:30.340,6 days 07:05:30.340000
CVE-2023-52027,2024-01-11 09:15:00,2024-01-17 21:46:49.137,6 days 12:31:49.137000
CVE-2023-52028,2024-01-11 09:15:00,2024-01-17 18:26:49.633,6 days 09:11:49.633000
CVE-2023-52029,2024-01-11 09:15:00,2024-01-17 18:26:18.690,6 days 09:11:18.690000
CVE-2023-52030,2024-01-11 09:15:00,2024-01-17 18:25:43.930,6 days 09:10:43.930000
CVE-2023-52031,2024-01-11 09:15:00,2024-01-17 18:24:45.020,6 days 09:09:45.020000
CVE-2023-52032,2024-01-11 09:15:00,2024-01-17 18:10:27.567,6 days 08:55:27.567000
CVE-2023-52064,2024-01-10 21:15:00,2024-01-17 21:08:45.913,6 days 23:53:45.913000
CVE-2023-52072,2024-01-08 22:15:00,2024-01-11 20:05:45.417,2 days 21:50:45.417000
CVE-2023-52073,2024-01-08 22:15:00,2024-01-11 20:05:37.147,2 days 21:50:37.147000
CVE-2023-52074,2024-01-08 22:15:00,2024-01-11 20:05:27.827,2 days 21:50:27.827000
CVE-2023-52119,2024-01-05 10:15:00,2024-01-11 15:19:22.697,6 days 05:04:22.697000
CVE-2023-52120,2024-01-05 10:15:00,2024-01-11 15:26:21.690,6 days 05:11:21.690000
CVE-2023-52121,2024-01-05 10:15:00,2024-01-11 15:46:03.383,6 days 05:31:03.383000
CVE-2023-52122,2024-01-05 10:15:00,2024-01-11 15:48:19.527,6 days 05:33:19.527000
CVE-2023-52123,2024-01-05 09:15:00,2024-01-11 14:28:17.527,6 days 05:13:17.527000
CVE-2023-52124,2024-01-05 12:15:00,2024-01-10 03:59:25.773,4 days 15:44:25.773000
CVE-2023-52125,2024-01-05 12:15:00,2024-01-10 03:59:11.397,4 days 15:44:11.397000
CVE-2023-52126,2024-01-05 12:15:00,2024-01-10 03:58:24.223,4 days 15:43:24.223000
CVE-2023-52127,2024-01-05 09:15:00,2024-01-10 19:45:01.893,5 days 10:30:01.893000
CVE-2023-52128,2024-01-05 09:15:00,2024-01-11 14:29:37.150,6 days 05:14:37.150000
CVE-2023-52129,2024-01-05 09:15:00,2024-01-11 15:14:33.960,6 days 05:59:33.960000
CVE-2023-52130,2024-01-05 09:15:00,2024-01-11 15:15:15.517,6 days 06:00:15.517000
CVE-2023-52136,2024-01-05 09:15:00,2024-01-11 15:28:43.513,6 days 06:13:43.513000
CVE-2023-52142,2024-01-08 21:15:00,2024-01-12 17:20:49.573,3 days 20:05:49.573000
CVE-2023-52143,2024-01-05 11:15:00,2024-01-11 16:04:19.450,6 days 04:49:19.450000
CVE-2023-52145,2024-01-05 09:15:00,2024-01-12 14:39:24.143,7 days 05:24:24.143000
CVE-2023-52146,2024-01-05 11:15:00,2024-01-11 16:03:09.300,6 days 04:48:09.300000
CVE-2023-52148,2024-01-05 11:15:00,2024-01-10 04:02:08.567,4 days 16:47:08.567000
CVE-2023-52149,2024-01-05 09:15:00,2024-01-09 15:32:14.677,4 days 06:17:14.677000
CVE-2023-52150,2024-01-05 08:15:00,2024-01-10 19:50:26.933,5 days 11:35:26.933000
CVE-2023-52151,2024-01-05 11:15:00,2024-01-10 03:59:57.920,4 days 16:44:57.920000
CVE-2023-52178,2024-01-05 08:15:00,2024-01-11 14:17:42.617,6 days 06:02:42.617000
CVE-2023-52184,2024-01-05 08:15:00,2024-01-11 14:19:23.980,6 days 06:04:23.980000
CVE-2023-52190,2024-01-08 19:15:00,2024-01-11 18:25:28.360,2 days 23:10:28.360000
CVE-2023-52196,2024-01-08 21:15:00,2024-01-11 20:29:45.253,2 days 23:14:45.253000
CVE-2023-52197,2024-01-08 21:15:00,2024-01-11 20:07:32.703,2 days 22:52:32.703000
CVE-2023-52198,2024-01-08 21:15:00,2024-01-11 20:07:27.060,2 days 22:52:27.060000
CVE-2023-52200,2024-01-08 20:15:00,2024-01-11 19:58:01.367,2 days 23:43:01.367000
CVE-2023-52201,2024-01-08 21:15:00,2024-01-11 20:07:16.230,2 days 22:52:16.230000
CVE-2023-52202,2024-01-08 21:15:00,2024-01-11 20:07:05.617,2 days 22:52:05.617000
CVE-2023-52203,2024-01-08 20:15:00,2024-01-11 19:58:13.653,2 days 23:43:13.653000
CVE-2023-52204,2024-01-08 20:15:00,2024-01-11 19:58:25.637,2 days 23:43:25.637000
CVE-2023-52205,2024-01-08 20:15:00,2024-01-11 19:58:36.383,2 days 23:43:36.383000
CVE-2023-52206,2024-01-08 20:15:00,2024-01-11 19:58:45.450,2 days 23:43:45.450000
CVE-2023-52207,2024-01-08 19:15:00,2024-01-11 18:59:59.733,2 days 23:44:59.733000
CVE-2023-52208,2024-01-08 19:15:00,2024-01-11 19:01:44.943,2 days 23:46:44.943000
CVE-2023-52213,2024-01-08 20:15:00,2024-01-11 19:58:54.950,2 days 23:43:54.950000
CVE-2023-52215,2024-01-08 18:15:00,2024-01-11 18:43:31.313,3 days 00:28:31.313000
CVE-2023-52216,2024-01-08 20:15:00,2024-01-11 19:59:02.347,2 days 23:44:02.347000
CVE-2023-52218,2024-01-08 18:15:00,2024-01-11 18:43:19.077,3 days 00:28:19.077000
CVE-2023-52219,2024-01-08 18:15:00,2024-01-11 18:43:08.103,3 days 00:28:08.103000
CVE-2023-52222,2024-01-08 19:15:00,2024-01-11 19:01:03.353,2 days 23:46:03.353000
CVE-2023-52225,2024-01-08 18:15:00,2024-01-11 18:42:30.980,3 days 00:27:30.980000
CVE-2023-52271,2024-01-08 20:15:00,2024-01-11 19:59:26.430,2 days 23:44:26.430000
CVE-2023-52274,2024-01-11 03:15:00,2024-01-16 23:59:07.407,5 days 20:44:07.407000
CVE-2023-52309,2024-01-03 09:15:00,2024-01-05 12:14:54.603,2 days 02:59:54.603000
CVE-2023-52314,2024-01-03 09:15:00,2024-01-05 12:15:06.077,2 days 03:00:06.077000
CVE-2023-52322,2024-01-04 07:15:00,2024-01-10 16:42:51.810,6 days 09:27:51.810000
CVE-2023-52323,2024-01-05 04:15:00,2024-01-11 17:06:00.273,6 days 12:51:00.273000
CVE-2023-52339,2024-01-12 02:15:00,2024-01-22 15:48:15.180,10 days 13:33:15.180000
CVE-2023-5235,2024-01-08 19:15:00,2024-01-11 19:37:47.583,3 days 00:22:47.583000
CVE-2023-5347,2024-01-09 10:15:00,2024-01-16 16:24:32.547,7 days 06:09:32.547000
CVE-2023-5356,2024-01-12 14:15:00,2024-01-18 21:17:29.567,6 days 07:02:29.567000
CVE-2023-5376,2024-01-09 10:15:00,2024-01-16 16:46:15.590,7 days 06:31:15.590000
CVE-2023-5448,2024-01-11 04:15:00,2024-01-16 23:58:38.083,5 days 19:43:38.083000
CVE-2023-5455,2024-01-10 13:15:00,2024-01-17 01:41:11.067,6 days 12:26:11.067000
CVE-2023-5504,2024-01-11 09:15:00,2024-01-17 19:50:57.567,6 days 10:35:57.567000
CVE-2023-5691,2024-01-11 09:15:00,2024-01-18 15:17:46.303,7 days 06:02:46.303000
CVE-2023-5770,2024-01-09 22:15:00,2024-01-18 15:54:37.660,8 days 17:39:37.660000
CVE-2023-5877,2024-01-01 15:15:00,2024-01-08 17:23:26.727,7 days 02:08:26.727000
CVE-2023-5879,2024-01-03 20:15:00,2024-01-10 19:30:37.660,6 days 23:15:37.660000
CVE-2023-5880,2024-01-03 20:15:00,2024-01-11 18:26:04.767,7 days 22:11:04.767000
CVE-2023-5881,2024-01-03 20:15:00,2024-01-10 20:26:45.567,7 days 00:11:45.567000
CVE-2023-5911,2024-01-08 19:15:00,2024-01-11 19:43:17.153,3 days 00:28:17.153000
CVE-2023-5957,2024-01-08 19:15:00,2024-01-11 19:44:55.327,3 days 00:29:55.327000
CVE-2023-6000,2024-01-01 15:15:00,2024-01-08 15:14:56.650,6 days 23:59:56.650000
CVE-2023-6037,2024-01-01 15:15:00,2024-01-08 15:06:29.220,6 days 23:51:29.220000
CVE-2023-6040,2024-01-12 02:15:00,2024-01-22 16:00:28.237,10 days 13:45:28.237000
CVE-2023-6042,2024-01-08 19:15:00,2024-01-11 19:57:29.603,3 days 00:42:29.603000
CVE-2023-6064,2024-01-01 15:15:00,2024-01-08 17:25:22.360,7 days 02:10:22.360000
CVE-2023-6113,2024-01-01 15:15:00,2024-01-08 19:05:26.827,7 days 03:50:26.827000
CVE-2023-6129,2024-01-09 17:15:00,2024-01-23 21:32:01.983,14 days 04:17:01.983000
CVE-2023-6139,2024-01-08 19:15:00,2024-01-11 19:46:48.043,3 days 00:31:48.043000
CVE-2023-6140,2024-01-08 19:15:00,2024-01-11 19:50:08.153,3 days 00:35:08.153000
CVE-2023-6141,2024-01-08 19:15:00,2024-01-11 19:48:22.673,3 days 00:33:22.673000
CVE-2023-6147,2024-01-09 08:15:00,2024-01-12 19:40:20.033,3 days 11:25:20.033000
CVE-2023-6148,2024-01-09 09:15:00,2024-01-12 20:12:53.277,3 days 10:57:53.277000
CVE-2023-6149,2024-01-09 09:15:00,2024-01-12 19:55:38.877,3 days 10:40:38.877000
CVE-2023-6158,2024-01-10 15:15:00,2024-01-17 17:36:01.287,7 days 02:21:01.287000
CVE-2023-6161,2024-01-08 19:15:00,2024-01-11 19:56:56.803,3 days 00:41:56.803000
CVE-2023-6220,2024-01-11 09:15:00,2024-01-17 20:06:17.130,6 days 10:51:17.130000
CVE-2023-6223,2024-01-11 07:15:00,2024-01-16 23:57:09.217,5 days 16:42:09.217000
CVE-2023-6242,2024-01-11 15:15:00,2024-01-18 18:13:53.850,7 days 02:58:53.850000
CVE-2023-6244,2024-01-11 15:15:00,2024-01-18 16:13:00.503,7 days 00:58:00.503000
CVE-2023-6266,2024-01-11 09:15:00,2024-01-17 20:13:08.797,6 days 10:58:08.797000
CVE-2023-6270,2024-01-04 17:15:00,2024-01-10 15:59:25.510,5 days 22:44:25.510000
CVE-2023-6271,2024-01-01 15:15:00,2024-01-08 17:31:37.360,7 days 02:16:37.360000
CVE-2023-6316,2024-01-11 09:15:00,2024-01-17 20:17:22.017,6 days 11:02:22.017000
CVE-2023-6338,2024-01-03 21:15:00,2024-01-10 20:25:38.467,6 days 23:10:38.467000
CVE-2023-6339,2024-01-02 22:15:00,2024-01-09 16:12:23.093,6 days 17:57:23.093000
CVE-2023-6369,2024-01-11 09:15:00,2024-01-17 20:21:24.557,6 days 11:06:24.557000
CVE-2023-6383,2024-01-08 19:15:00,2024-01-11 20:02:29.973,3 days 00:47:29.973000
CVE-2023-6421,2024-01-01 15:15:00,2024-01-08 19:08:32.007,7 days 03:53:32.007000
CVE-2023-6436,2024-01-02 13:15:00,2024-01-08 19:40:27.753,6 days 06:25:27.753000
CVE-2023-6446,2024-01-11 07:15:00,2024-01-16 23:56:41.737,5 days 16:41:41.737000
CVE-2023-6476,2024-01-09 22:15:00,2024-01-18 18:16:25.960,8 days 20:01:25.960000
CVE-2023-6485,2024-01-01 15:15:00,2024-01-08 19:31:52.387,7 days 04:16:52.387000
CVE-2023-6493,2024-01-05 02:15:00,2024-01-10 15:10:40.820,5 days 12:55:40.820000
CVE-2023-6496,2024-01-11 09:15:00,2024-01-17 20:24:42.677,6 days 11:09:42.677000
CVE-2023-6498,2024-01-04 04:15:00,2024-01-10 16:53:30.683,6 days 12:38:30.683000
CVE-2023-6504,2024-01-11 09:15:00,2024-01-17 20:32:01.297,6 days 11:17:01.297000
CVE-2023-6505,2024-01-08 19:15:00,2024-01-11 20:02:39.097,3 days 00:47:39.097000
CVE-2023-6506,2024-01-11 07:15:00,2024-01-16 23:56:05.087,5 days 16:41:05.087000
CVE-2023-6520,2024-01-11 07:15:00,2024-01-17 20:43:02.000,6 days 13:28:02
CVE-2023-6524,2024-01-03 06:15:00,2024-01-09 21:07:07.630,6 days 14:52:07.630000
CVE-2023-6528,2024-01-08 19:15:00,2024-01-11 20:03:00.017,3 days 00:48:00.017000
CVE-2023-6529,2024-01-08 19:15:00,2024-01-11 20:03:44.150,3 days 00:48:44.150000
CVE-2023-6532,2024-01-08 19:15:00,2024-01-11 20:04:00.787,3 days 00:49:00.787000
CVE-2023-6540,2024-01-03 21:15:00,2024-01-10 20:23:28.507,6 days 23:08:28.507000
CVE-2023-6551,2024-01-04 16:15:00,2024-01-11 16:41:19.260,7 days 00:26:19.260000
CVE-2023-6552,2024-01-08 13:15:00,2024-01-11 21:13:09.017,3 days 07:58:09.017000
CVE-2023-6554,2024-01-11 16:15:00,2024-01-18 17:35:46.647,7 days 01:20:46.647000
CVE-2023-6555,2024-01-08 19:15:00,2024-01-11 19:59:47.233,3 days 00:44:47.233000
CVE-2023-6556,2024-01-11 09:15:00,2024-01-17 20:39:02.940,6 days 11:24:02.940000
CVE-2023-6558,2024-01-11 09:15:00,2024-01-17 20:25:15.407,6 days 11:10:15.407000
CVE-2023-6561,2024-01-11 09:15:00,2024-01-17 19:01:07.383,6 days 09:46:07.383000
CVE-2023-6567,2024-01-11 09:15:00,2024-01-17 18:46:59.227,6 days 09:31:59.227000
CVE-2023-6582,2024-01-11 09:15:00,2024-01-17 18:45:11.690,6 days 09:30:11.690000
CVE-2023-6583,2024-01-11 09:15:00,2024-01-17 18:42:13.760,6 days 09:27:13.760000
CVE-2023-6594,2024-01-09 03:15:00,2024-01-11 23:32:17.233,2 days 20:17:17.233000
CVE-2023-6598,2024-01-11 09:15:00,2024-01-17 21:24:33.247,6 days 12:09:33.247000
CVE-2023-6600,2024-01-03 06:15:00,2024-01-09 21:01:53.397,6 days 14:46:53.397000
CVE-2023-6624,2024-01-11 09:15:00,2024-01-17 21:20:31.510,6 days 12:05:31.510000
CVE-2023-6627,2024-01-08 19:15:00,2024-01-11 20:00:14.977,3 days 00:45:14.977000
CVE-2023-6629,2024-01-03 05:15:00,2024-01-09 20:53:45.787,6 days 15:38:45.787000
CVE-2023-6630,2024-01-11 05:15:00,2024-01-16 23:57:43.940,5 days 18:42:43.940000
CVE-2023-6631,2024-01-08 19:15:00,2024-01-11 20:01:13.173,3 days 00:46:13.173000
CVE-2023-6632,2024-01-11 09:15:00,2024-01-17 21:23:56.957,6 days 12:08:56.957000
CVE-2023-6634,2024-01-11 09:15:00,2024-01-17 20:44:44.257,6 days 11:29:44.257000
CVE-2023-6636,2024-01-11 09:15:00,2024-01-17 21:20:04.433,6 days 12:05:04.433000
CVE-2023-6637,2024-01-11 09:15:00,2024-01-18 17:09:32.977,7 days 07:54:32.977000
CVE-2023-6638,2024-01-11 09:15:00,2024-01-18 17:16:43.890,7 days 08:01:43.890000
CVE-2023-6645,2024-01-11 09:15:00,2024-01-17 20:40:42.567,6 days 11:25:42.567000
CVE-2023-6683,2024-01-12 19:15:00,2024-01-22 19:50:27.727,10 days 00:35:27.727000
CVE-2023-6684,2024-01-11 09:15:00,2024-01-17 20:41:05.153,6 days 11:26:05.153000
CVE-2023-6693,2024-01-02 10:15:00,2024-01-08 19:04:42.367,6 days 08:49:42.367000
CVE-2023-6699,2024-01-11 07:15:00,2024-01-17 00:02:15.710,5 days 16:47:15.710000
CVE-2023-6733,2024-01-04 04:15:00,2024-01-10 16:53:12.173,6 days 12:38:12.173000
CVE-2023-6735,2024-01-12 08:15:00,2024-01-19 02:12:18.443,6 days 17:57:18.443000
CVE-2023-6737,2024-01-11 09:15:00,2024-01-17 20:38:08.673,6 days 11:23:08.673000
CVE-2023-6738,2024-01-04 04:15:00,2024-01-10 16:50:13.027,6 days 12:35:13.027000
CVE-2023-6740,2024-01-12 08:15:00,2024-01-19 02:12:08.603,6 days 17:57:08.603000
CVE-2023-6742,2024-01-11 09:15:00,2024-01-17 20:39:17.217,6 days 11:24:17.217000
CVE-2023-6750,2024-01-08 19:15:00,2024-01-11 20:01:30.307,3 days 00:46:30.307000
CVE-2023-6751,2024-01-11 09:15:00,2024-01-18 17:46:25.640,7 days 08:31:25.640000
CVE-2023-6776,2024-01-11 09:15:00,2024-01-18 16:24:38.083,7 days 07:09:38.083000
CVE-2023-6781,2024-01-11 09:15:00,2024-01-18 16:24:52.837,7 days 07:09:52.837000
CVE-2023-6782,2024-01-11 09:15:00,2024-01-18 16:11:09.597,7 days 06:56:09.597000
CVE-2023-6788,2024-01-09 04:15:00,2024-01-11 23:33:05.347,2 days 19:18:05.347000
CVE-2023-6798,2024-01-06 10:15:00,2024-01-12 18:47:11.807,6 days 08:32:11.807000
CVE-2023-6801,2024-01-06 10:15:00,2024-01-12 21:05:21.510,6 days 10:50:21.510000
CVE-2023-6828,2024-01-11 09:15:00,2024-01-17 21:25:53.610,6 days 12:10:53.610000
CVE-2023-6830,2024-01-09 07:15:00,2024-01-16 17:05:57.150,7 days 09:50:57.150000
CVE-2023-6842,2024-01-09 07:15:00,2024-01-16 17:15:22.217,7 days 10:00:22.217000
CVE-2023-6845,2024-01-08 19:15:00,2024-01-11 20:01:43.710,3 days 00:46:43.710000
CVE-2023-6855,2024-01-11 09:15:00,2024-01-17 22:11:38.853,6 days 12:56:38.853000
CVE-2023-6875,2024-01-11 09:15:00,2024-01-18 16:11:25.843,7 days 06:56:25.843000
CVE-2023-6878,2024-01-11 09:15:00,2024-01-18 16:34:53.630,7 days 07:19:53.630000
CVE-2023-6882,2024-01-11 09:15:00,2024-01-18 16:43:49.223,7 days 07:28:49.223000
CVE-2023-6883,2024-01-11 07:15:00,2024-01-17 00:02:05.673,5 days 16:47:05.673000
CVE-2023-6921,2024-01-08 12:15:00,2024-01-11 20:57:37.333,3 days 08:42:37.333000
CVE-2023-6924,2024-01-11 09:15:00,2024-01-18 16:42:06.197,7 days 07:27:06.197000
CVE-2023-6934,2024-01-11 09:15:00,2024-01-18 17:01:12.547,7 days 07:46:12.547000
CVE-2023-6938,2024-01-11 15:15:00,2024-01-18 15:57:39.837,7 days 00:42:39.837000
CVE-2023-6944,2024-01-04 10:15:00,2024-01-10 17:04:57.183,6 days 06:49:57.183000
CVE-2023-6955,2024-01-12 14:15:00,2024-01-18 21:16:42.067,6 days 07:01:42.067000
CVE-2023-6979,2024-01-11 09:15:00,2024-01-18 17:04:44.907,7 days 07:49:44.907000
CVE-2023-6980,2024-01-03 06:15:00,2024-01-10 13:29:13.197,7 days 07:14:13.197000
CVE-2023-6981,2024-01-03 06:15:00,2024-01-09 18:55:41.560,6 days 12:40:41.560000
CVE-2023-6986,2024-01-03 07:15:00,2024-01-10 16:52:07.633,7 days 09:37:07.633000
CVE-2023-6988,2024-01-11 09:15:00,2024-01-18 17:13:30.393,7 days 07:58:30.393000
CVE-2023-6990,2024-01-11 09:15:00,2024-01-18 17:34:58.237,7 days 08:19:58.237000
CVE-2023-6992,2024-01-04 12:15:00,2024-01-10 01:14:35.040,5 days 12:59:35.040000
CVE-2023-6994,2024-01-11 09:15:00,2024-01-17 22:13:52.157,6 days 12:58:52.157000
CVE-2023-7019,2024-01-11 09:15:00,2024-01-17 22:28:36.337,6 days 13:13:36.337000
CVE-2023-7027,2024-01-03 05:15:00,2024-01-09 18:52:24.320,6 days 13:37:24.320000
CVE-2023-7028,2024-01-12 14:15:00,2024-01-18 21:15:51.497,6 days 07:00:51.497000
CVE-2023-7032,2024-01-09 20:15:00,2024-01-16 19:43:07.797,6 days 23:28:07.797000
CVE-2023-7044,2024-01-04 10:15:00,2024-01-10 16:12:34.997,6 days 05:57:34.997000
CVE-2023-7048,2024-01-11 09:15:00,2024-01-17 22:32:55.667,6 days 13:17:55.667000
CVE-2023-7068,2024-01-03 09:15:00,2024-01-09 20:19:48.607,6 days 11:04:48.607000
CVE-2023-7070,2024-01-11 09:15:00,2024-01-17 22:40:43.237,6 days 13:25:43.237000
CVE-2023-7071,2024-01-11 09:15:00,2024-01-18 17:36:11.940,7 days 08:21:11.940000
CVE-2023-7192,2024-01-02 19:15:00,2024-01-09 01:43:40.977,6 days 06:28:40.977000
CVE-2023-7208,2024-01-07 07:15:00,2024-01-11 16:39:58.597,4 days 09:24:58.597000
CVE-2023-7209,2024-01-07 09:15:00,2024-01-11 16:39:04.107,4 days 07:24:04.107000
CVE-2023-7210,2024-01-07 10:15:00,2024-01-11 16:38:36.487,4 days 06:23:36.487000
CVE-2023-7211,2024-01-07 10:15:00,2024-01-11 16:38:09.487,4 days 06:23:09.487000
CVE-2023-7212,2024-01-07 17:15:00,2024-01-11 18:13:57.053,4 days 00:58:57.053000
CVE-2023-7213,2024-01-07 19:15:00,2024-01-11 15:59:41.550,3 days 20:44:41.550000
CVE-2023-7214,2024-01-07 20:15:00,2024-01-11 15:59:23.297,3 days 19:44:23.297000
CVE-2023-7215,2024-01-08 02:15:00,2024-01-11 16:59:42.433,3 days 14:44:42.433000
CVE-2023-7218,2024-01-08 21:15:00,2024-01-11 20:06:57.870,2 days 22:51:57.870000
CVE-2023-7219,2024-01-09 06:15:00,2024-01-12 15:28:13.257,3 days 09:13:13.257000
CVE-2023-7220,2024-01-09 08:15:00,2024-01-12 15:28:32.393,3 days 07:13:32.393000
CVE-2023-7221,2024-01-09 14:15:00,2024-01-11 20:29:07.120,2 days 06:14:07.120000
CVE-2023-7222,2024-01-09 16:15:00,2024-01-11 20:32:52.557,2 days 04:17:52.557000
CVE-2023-7223,2024-01-09 16:15:00,2024-01-12 13:06:15.430,2 days 20:51:15.430000
CVE-2023-7224,2024-01-08 14:15:00,2024-01-11 17:33:31.320,3 days 03:18:31.320000
CVE-2023-7226,2024-01-11 21:15:00,2024-01-18 18:56:22.990,6 days 21:41:22.990000
CVE-2024-0056,2024-01-09 18:15:00,2024-01-16 18:42:08.837,7 days 00:27:08.837000
CVE-2024-0057,2024-01-09 18:15:00,2024-01-16 18:47:36.320,7 days 00:32:36.320000
CVE-2024-0181,2024-01-01 17:15:00,2024-01-08 18:37:21.667,7 days 01:22:21.667000
CVE-2024-0182,2024-01-01 21:15:00,2024-01-08 19:25:18.597,6 days 22:10:18.597000
CVE-2024-0183,2024-01-01 23:15:00,2024-01-08 18:34:39.537,6 days 19:19:39.537000
CVE-2024-0184,2024-01-02 00:15:00,2024-01-08 18:34:12.353,6 days 18:19:12.353000
CVE-2024-0185,2024-01-02 01:15:00,2024-01-08 18:33:53.397,6 days 17:18:53.397000
CVE-2024-0186,2024-01-02 01:15:00,2024-01-08 19:26:38.963,6 days 18:11:38.963000
CVE-2024-0188,2024-01-02 15:15:00,2024-01-09 15:03:22.767,6 days 23:48:22.767000
CVE-2024-0189,2024-01-02 18:15:00,2024-01-08 13:56:09.717,5 days 19:41:09.717000
CVE-2024-0190,2024-01-02 19:15:00,2024-01-08 13:56:00.673,5 days 18:41:00.673000
CVE-2024-0191,2024-01-02 20:15:00,2024-01-08 13:55:46.683,5 days 17:40:46.683000
CVE-2024-0192,2024-01-02 20:15:00,2024-01-08 13:54:59.723,5 days 17:39:59.723000
CVE-2024-0193,2024-01-02 18:15:00,2024-01-09 18:09:55.580,6 days 23:54:55.580000
CVE-2024-0194,2024-01-02 21:15:00,2024-01-08 19:44:29.273,5 days 22:29:29.273000
CVE-2024-0195,2024-01-02 21:15:00,2024-01-09 02:03:10.457,6 days 04:48:10.457000
CVE-2024-0196,2024-01-02 22:15:00,2024-01-09 18:39:21.527,6 days 20:24:21.527000
CVE-2024-0206,2024-01-09 14:15:00,2024-01-16 16:27:52.693,7 days 02:12:52.693000
CVE-2024-0207,2024-01-03 08:15:00,2024-01-09 19:10:05.443,6 days 10:55:05.443000
CVE-2024-0208,2024-01-03 08:15:00,2024-01-09 19:19:21.840,6 days 11:04:21.840000
CVE-2024-0209,2024-01-03 08:15:00,2024-01-10 14:03:18.150,7 days 05:48:18.150000
CVE-2024-0210,2024-01-03 08:15:00,2024-01-10 14:07:07.980,7 days 05:52:07.980000
CVE-2024-0211,2024-01-03 08:15:00,2024-01-10 14:11:32.657,7 days 05:56:32.657000
CVE-2024-0213,2024-01-09 14:15:00,2024-01-12 19:27:52.940,3 days 05:12:52.940000
CVE-2024-0217,2024-01-03 17:15:00,2024-01-10 18:10:24.050,7 days 00:55:24.050000
CVE-2024-0222,2024-01-04 02:15:00,2024-01-08 19:43:37.017,4 days 17:28:37.017000
CVE-2024-0223,2024-01-04 02:15:00,2024-01-08 19:43:03.703,4 days 17:28:03.703000
CVE-2024-0224,2024-01-04 02:15:00,2024-01-08 19:42:29.157,4 days 17:27:29.157000
CVE-2024-0225,2024-01-04 02:15:00,2024-01-08 19:41:43.573,4 days 17:26:43.573000
CVE-2024-0226,2024-01-09 18:15:00,2024-01-12 20:04:24.143,3 days 01:49:24.143000
CVE-2024-0227,2024-01-11 20:15:00,2024-01-18 18:32:10.317,6 days 22:17:10.317000
CVE-2024-0241,2024-01-04 21:15:00,2024-01-10 15:11:15.467,5 days 17:56:15.467000
CVE-2024-0246,2024-01-05 14:15:00,2024-01-11 15:47:36.350,6 days 01:32:36.350000
CVE-2024-0247,2024-01-05 19:15:00,2024-01-11 15:17:09.710,5 days 20:02:09.710000
CVE-2024-0252,2024-01-11 08:15:00,2024-01-19 18:54:31.243,8 days 10:39:31.243000
CVE-2024-0260,2024-01-07 00:15:00,2024-01-10 20:53:51.650,3 days 20:38:51.650000
CVE-2024-0261,2024-01-07 02:15:00,2024-01-10 20:49:44.010,3 days 18:34:44.010000
CVE-2024-0262,2024-01-07 02:15:00,2024-01-10 20:24:53.030,3 days 18:09:53.030000
CVE-2024-0263,2024-01-07 04:15:00,2024-01-10 20:43:55.233,3 days 16:28:55.233000
CVE-2024-0264,2024-01-07 05:15:00,2024-01-10 20:57:12.613,3 days 15:42:12.613000
CVE-2024-0265,2024-01-07 05:15:00,2024-01-11 16:42:37.950,4 days 11:27:37.950000
CVE-2024-0266,2024-01-07 06:15:00,2024-01-11 16:41:04.020,4 days 10:26:04.020000
CVE-2024-0267,2024-01-07 06:15:00,2024-01-11 16:40:24.633,4 days 10:25:24.633000
CVE-2024-0268,2024-01-07 08:15:00,2024-01-11 16:39:21.920,4 days 08:24:21.920000
CVE-2024-0270,2024-01-07 08:15:00,2024-01-08 19:04:24.247,1 days 10:49:24.247000
CVE-2024-0271,2024-01-07 09:15:00,2024-01-08 18:21:11.407,1 days 09:06:11.407000
CVE-2024-0272,2024-01-07 11:15:00,2024-01-08 18:21:25.360,1 days 07:06:25.360000
CVE-2024-0273,2024-01-07 11:15:00,2024-01-08 18:19:08.670,1 days 07:04:08.670000
CVE-2024-0274,2024-01-07 12:15:00,2024-01-08 18:19:13.880,1 days 06:04:13.880000
CVE-2024-0275,2024-01-07 12:15:00,2024-01-08 18:19:20.430,1 days 06:04:20.430000
CVE-2024-0276,2024-01-07 13:15:00,2024-01-08 18:18:13.743,1 days 05:03:13.743000
CVE-2024-0277,2024-01-07 13:15:00,2024-01-08 18:18:21.597,1 days 05:03:21.597000
CVE-2024-0278,2024-01-07 14:15:00,2024-01-08 18:18:29.327,1 days 04:03:29.327000
CVE-2024-0279,2024-01-07 14:15:00,2024-01-08 18:18:37.687,1 days 04:03:37.687000
CVE-2024-0280,2024-01-07 15:15:00,2024-01-08 18:04:43.950,1 days 02:49:43.950000
CVE-2024-0281,2024-01-07 15:15:00,2024-01-08 18:04:28.420,1 days 02:49:28.420000
CVE-2024-0282,2024-01-07 16:15:00,2024-01-08 17:55:47.003,1 days 01:40:47.003000
CVE-2024-0283,2024-01-07 16:15:00,2024-01-08 17:55:40.960,1 days 01:40:40.960000
CVE-2024-0284,2024-01-07 17:15:00,2024-01-08 17:50:23.483,1 days 00:35:23.483000
CVE-2024-0286,2024-01-07 18:15:00,2024-01-11 16:35:40.633,3 days 22:20:40.633000
CVE-2024-0287,2024-01-07 23:15:00,2024-01-08 17:51:58.107,0 days 18:36:58.107000
CVE-2024-0288,2024-01-08 00:15:00,2024-01-08 17:52:18.357,0 days 17:37:18.357000
CVE-2024-0289,2024-01-08 00:15:00,2024-01-08 17:52:33.053,0 days 17:37:33.053000
CVE-2024-0290,2024-01-08 01:15:00,2024-01-08 17:52:47.733,0 days 16:37:47.733000
CVE-2024-0291,2024-01-08 01:15:00,2024-01-11 15:58:47.467,3 days 14:43:47.467000
CVE-2024-0292,2024-01-08 02:15:00,2024-01-11 16:59:08.797,3 days 14:44:08.797000
CVE-2024-0293,2024-01-08 03:15:00,2024-01-11 16:58:37.937,3 days 13:43:37.937000
CVE-2024-0294,2024-01-08 03:15:00,2024-01-11 16:56:53.410,3 days 13:41:53.410000
CVE-2024-0295,2024-01-08 04:15:00,2024-01-11 16:56:41.513,3 days 12:41:41.513000
CVE-2024-0296,2024-01-08 04:15:00,2024-01-11 16:56:28.780,3 days 12:41:28.780000
CVE-2024-0297,2024-01-08 05:15:00,2024-01-11 16:56:14.967,3 days 11:41:14.967000
CVE-2024-0298,2024-01-08 05:15:00,2024-01-11 16:55:37.710,3 days 11:40:37.710000
CVE-2024-0299,2024-01-08 06:15:00,2024-01-11 16:55:13.383,3 days 10:40:13.383000
CVE-2024-0300,2024-01-08 06:15:00,2024-01-11 16:54:51.333,3 days 10:39:51.333000
CVE-2024-0301,2024-01-08 07:15:00,2024-01-11 18:50:32.323,3 days 11:35:32.323000
CVE-2024-0302,2024-01-08 07:15:00,2024-01-11 18:52:04.287,3 days 11:37:04.287000
CVE-2024-0303,2024-01-08 08:15:00,2024-01-11 18:58:18.767,3 days 10:43:18.767000
CVE-2024-0304,2024-01-08 08:15:00,2024-01-11 18:53:13.957,3 days 10:38:13.957000
CVE-2024-0305,2024-01-08 09:15:00,2024-01-11 21:18:08.880,3 days 12:03:08.880000
CVE-2024-0306,2024-01-08 09:15:00,2024-01-11 21:22:22.953,3 days 12:07:22.953000
CVE-2024-0307,2024-01-08 10:15:00,2024-01-11 21:08:45.347,3 days 10:53:45.347000
CVE-2024-0308,2024-01-08 10:15:00,2024-01-12 13:24:38.160,4 days 03:09:38.160000
CVE-2024-0310,2024-01-10 11:15:00,2024-01-17 20:33:20.557,7 days 09:18:20.557000
CVE-2024-0321,2024-01-08 13:15:00,2024-01-11 20:50:46.447,3 days 07:35:46.447000
CVE-2024-0322,2024-01-08 13:15:00,2024-01-11 17:34:47.490,3 days 04:19:47.490000
CVE-2024-0333,2024-01-10 22:15:00,2024-01-18 19:39:16.630,7 days 21:24:16.630000
CVE-2024-0340,2024-01-09 18:15:00,2024-01-16 18:49:46.613,7 days 00:34:46.613000
CVE-2024-0341,2024-01-09 19:15:00,2024-01-16 19:49:56.177,7 days 00:34:56.177000
CVE-2024-0342,2024-01-09 20:15:00,2024-01-16 19:33:17.387,6 days 23:18:17.387000
CVE-2024-0343,2024-01-09 20:15:00,2024-01-12 18:46:17.153,2 days 22:31:17.153000
CVE-2024-0344,2024-01-09 21:15:00,2024-01-16 19:29:05.173,6 days 22:14:05.173000
CVE-2024-0345,2024-01-09 21:15:00,2024-01-16 19:05:59.103,6 days 21:50:59.103000
CVE-2024-0346,2024-01-09 22:15:00,2024-01-16 20:54:15.917,6 days 22:39:15.917000
CVE-2024-0347,2024-01-09 22:15:00,2024-01-12 18:19:54.537,2 days 20:04:54.537000
CVE-2024-0348,2024-01-09 22:15:00,2024-01-12 19:21:36.487,2 days 21:06:36.487000
CVE-2024-0349,2024-01-09 23:15:00,2024-01-12 14:37:41.570,2 days 15:22:41.570000
CVE-2024-0350,2024-01-09 23:15:00,2024-01-12 14:34:32.267,2 days 15:19:32.267000
CVE-2024-0351,2024-01-09 23:15:00,2024-01-12 14:29:16.710,2 days 15:14:16.710000
CVE-2024-0352,2024-01-09 23:15:00,2024-01-17 01:23:10.847,7 days 02:08:10.847000
CVE-2024-0354,2024-01-10 00:15:00,2024-01-17 01:14:56.080,7 days 00:59:56.080000
CVE-2024-0355,2024-01-10 00:15:00,2024-01-12 14:28:58.090,2 days 14:13:58.090000
CVE-2024-0356,2024-01-10 01:15:00,2024-01-17 01:18:43.487,7 days 00:03:43.487000
CVE-2024-0357,2024-01-10 01:15:00,2024-01-16 21:09:00.937,6 days 19:54:00.937000
CVE-2024-0358,2024-01-10 01:15:00,2024-01-16 21:04:17.553,6 days 19:49:17.553000
CVE-2024-0359,2024-01-10 02:15:00,2024-01-12 14:27:28.763,2 days 12:12:28.763000
CVE-2024-0360,2024-01-10 02:15:00,2024-01-12 13:56:56.737,2 days 11:41:56.737000
CVE-2024-0361,2024-01-10 03:15:00,2024-01-12 13:56:47.207,2 days 10:41:47.207000
CVE-2024-0362,2024-01-10 03:15:00,2024-01-12 13:56:40.527,2 days 10:41:40.527000
CVE-2024-0363,2024-01-10 03:15:00,2024-01-12 13:56:22.983,2 days 10:41:22.983000
CVE-2024-0364,2024-01-10 03:15:00,2024-01-12 13:56:14.140,2 days 10:41:14.140000
CVE-2024-0389,2024-01-10 14:15:00,2024-01-17 17:35:31.870,7 days 03:20:31.870000
CVE-2024-0411,2024-01-11 17:15:00,2024-01-18 18:46:08.977,7 days 01:31:08.977000
CVE-2024-0412,2024-01-11 17:15:00,2024-01-18 20:20:06.007,7 days 03:05:06.007000
CVE-2024-0413,2024-01-11 17:15:00,2024-01-18 20:12:44.750,7 days 02:57:44.750000
CVE-2024-0414,2024-01-11 17:15:00,2024-01-18 20:11:45.020,7 days 02:56:45.020000
CVE-2024-0415,2024-01-11 18:15:00,2024-01-18 20:10:13.747,7 days 01:55:13.747000
CVE-2024-0416,2024-01-11 18:15:00,2024-01-18 20:09:52.297,7 days 01:54:52.297000
CVE-2024-0417,2024-01-11 18:15:00,2024-01-18 20:07:08.093,7 days 01:52:08.093000
CVE-2024-0418,2024-01-11 18:15:00,2024-01-18 20:04:01.137,7 days 01:49:01.137000
CVE-2024-0419,2024-01-11 19:15:00,2024-01-18 18:27:23.920,6 days 23:12:23.920000
CVE-2024-0422,2024-01-11 19:15:00,2024-01-18 19:24:44.830,7 days 00:09:44.830000
CVE-2024-0423,2024-01-11 20:15:00,2024-01-18 19:24:20.383,6 days 23:09:20.383000
CVE-2024-0424,2024-01-11 20:15:00,2024-01-18 19:23:57.050,6 days 23:08:57.050000
CVE-2024-0425,2024-01-11 20:15:00,2024-01-19 19:28:49.363,7 days 23:13:49.363000
CVE-2024-0426,2024-01-11 21:15:00,2024-01-18 19:27:23.850,6 days 22:12:23.850000
CVE-2024-0429,2024-01-11 16:15:00,2024-01-18 17:26:20.583,7 days 01:11:20.583000
CVE-2024-0443,2024-01-12 00:15:00,2024-01-18 20:16:39.893,6 days 20:01:39.893000
CVE-2024-0454,2024-01-12 02:15:00,2024-01-22 16:10:47.910,10 days 13:55:47.910000
CVE-2024-0459,2024-01-12 16:15:00,2024-01-19 18:39:58.557,7 days 02:24:58.557000
CVE-2024-0460,2024-01-12 16:15:00,2024-01-18 20:37:41.807,6 days 04:22:41.807000
CVE-2024-0461,2024-01-12 17:15:00,2024-01-18 15:36:57.910,5 days 22:21:57.910000
CVE-2024-0462,2024-01-12 18:15:00,2024-01-18 15:37:51.007,5 days 21:22:51.007000
CVE-2024-0463,2024-01-12 18:15:00,2024-01-18 15:38:05.057,5 days 21:23:05.057000
CVE-2024-0464,2024-01-12 19:15:00,2024-01-20 18:47:32.243,7 days 23:32:32.243000
CVE-2024-0465,2024-01-12 19:15:00,2024-01-20 18:47:17.357,7 days 23:32:17.357000
CVE-2024-0466,2024-01-12 19:15:00,2024-01-20 18:46:47.470,7 days 23:31:47.470000
CVE-2024-20652,2024-01-09 18:15:00,2024-01-16 19:53:51.487,7 days 01:38:51.487000
CVE-2024-20653,2024-01-09 18:15:00,2024-01-17 17:04:25.400,7 days 22:49:25.400000
CVE-2024-20654,2024-01-09 18:15:00,2024-01-16 20:46:14.427,7 days 02:31:14.427000
CVE-2024-20655,2024-01-09 18:15:00,2024-01-17 01:06:16.200,7 days 06:51:16.200000
CVE-2024-20656,2024-01-09 18:15:00,2024-01-17 17:22:25.517,7 days 23:07:25.517000
CVE-2024-20657,2024-01-09 18:15:00,2024-01-17 17:28:35.977,7 days 23:13:35.977000
CVE-2024-20658,2024-01-09 18:15:00,2024-01-17 01:03:45.693,7 days 06:48:45.693000
CVE-2024-20660,2024-01-09 18:15:00,2024-01-14 21:52:52.083,5 days 03:37:52.083000
CVE-2024-20661,2024-01-09 18:15:00,2024-01-14 21:52:42.913,5 days 03:37:42.913000
CVE-2024-20662,2024-01-09 18:15:00,2024-01-12 21:47:48.260,3 days 03:32:48.260000
CVE-2024-20663,2024-01-09 18:15:00,2024-01-12 21:45:42.947,3 days 03:30:42.947000
CVE-2024-20664,2024-01-09 18:15:00,2024-01-12 21:40:26.010,3 days 03:25:26.010000
CVE-2024-20666,2024-01-09 18:15:00,2024-01-14 22:46:45.720,5 days 04:31:45.720000
CVE-2024-20672,2024-01-09 18:15:00,2024-01-14 22:48:45.263,5 days 04:33:45.263000
CVE-2024-20674,2024-01-09 18:15:00,2024-01-14 22:37:10.887,5 days 04:22:10.887000
CVE-2024-20675,2024-01-11 21:15:00,2024-01-18 19:14:08.650,6 days 21:59:08.650000
CVE-2024-20676,2024-01-09 18:15:00,2024-01-14 22:38:08.750,5 days 04:23:08.750000
CVE-2024-20677,2024-01-09 18:15:00,2024-01-16 20:02:24.257,7 days 01:47:24.257000
CVE-2024-20680,2024-01-09 18:15:00,2024-01-14 22:39:00.160,5 days 04:24:00.160000
CVE-2024-20681,2024-01-09 18:15:00,2024-01-14 22:22:13.260,5 days 04:07:13.260000
CVE-2024-20682,2024-01-09 18:15:00,2024-01-14 22:24:25.363,5 days 04:09:25.363000
CVE-2024-20683,2024-01-09 18:15:00,2024-01-14 22:23:33.300,5 days 04:08:33.300000
CVE-2024-20686,2024-01-09 18:15:00,2024-01-14 22:06:45.593,5 days 03:51:45.593000
CVE-2024-20687,2024-01-09 18:15:00,2024-01-14 22:16:37.310,5 days 04:01:37.310000
CVE-2024-20690,2024-01-09 18:15:00,2024-01-14 22:18:00.693,5 days 04:03:00.693000
CVE-2024-20691,2024-01-09 18:15:00,2024-01-14 21:56:21.497,5 days 03:41:21.497000
CVE-2024-20692,2024-01-09 18:15:00,2024-01-12 19:10:41.197,3 days 00:55:41.197000
CVE-2024-20694,2024-01-09 18:15:00,2024-01-12 19:07:21.473,3 days 00:52:21.473000
CVE-2024-20696,2024-01-09 18:15:00,2024-01-12 18:55:51.787,3 days 00:40:51.787000
CVE-2024-20697,2024-01-09 18:15:00,2024-01-14 21:56:59.417,5 days 03:41:59.417000
CVE-2024-20698,2024-01-09 18:15:00,2024-01-12 18:54:11.350,3 days 00:39:11.350000
CVE-2024-20699,2024-01-09 18:15:00,2024-01-14 21:57:27.567,5 days 03:42:27.567000
CVE-2024-20700,2024-01-09 18:15:00,2024-01-12 18:48:17.437,3 days 00:33:17.437000
CVE-2024-20710,2024-01-10 13:15:00,2024-01-12 19:14:08.123,2 days 05:59:08.123000
CVE-2024-20711,2024-01-10 13:15:00,2024-01-12 19:14:18.957,2 days 05:59:18.957000
CVE-2024-20712,2024-01-10 13:15:00,2024-01-12 19:14:30.950,2 days 05:59:30.950000
CVE-2024-20713,2024-01-10 13:15:00,2024-01-12 19:14:39.977,2 days 05:59:39.977000
CVE-2024-20714,2024-01-10 13:15:00,2024-01-17 17:31:11.147,7 days 04:16:11.147000
CVE-2024-20715,2024-01-10 13:15:00,2024-01-17 17:33:43.413,7 days 04:18:43.413000
CVE-2024-20802,2024-01-04 01:15:00,2024-01-10 16:14:57.800,6 days 14:59:57.800000
CVE-2024-20803,2024-01-04 01:15:00,2024-01-10 16:11:26.330,6 days 14:56:26.330000
CVE-2024-20804,2024-01-04 01:15:00,2024-01-10 16:10:45.457,6 days 14:55:45.457000
CVE-2024-20805,2024-01-04 01:15:00,2024-01-10 15:36:42.950,6 days 14:21:42.950000
CVE-2024-20806,2024-01-04 01:15:00,2024-01-10 16:09:31.133,6 days 14:54:31.133000
CVE-2024-20807,2024-01-04 01:15:00,2024-01-10 15:34:00.537,6 days 14:19:00.537000
CVE-2024-20808,2024-01-04 01:15:00,2024-01-10 14:33:08.167,6 days 13:18:08.167000
CVE-2024-20809,2024-01-04 01:15:00,2024-01-10 14:21:37.043,6 days 13:06:37.043000
CVE-2024-21305,2024-01-09 18:15:00,2024-01-12 18:48:04.980,3 days 00:33:04.980000
CVE-2024-21306,2024-01-09 18:15:00,2024-01-12 18:47:54.873,3 days 00:32:54.873000
CVE-2024-21307,2024-01-09 18:15:00,2024-01-12 18:47:46.503,3 days 00:32:46.503000
CVE-2024-21309,2024-01-09 18:15:00,2024-01-12 18:47:19.227,3 days 00:32:19.227000
CVE-2024-21310,2024-01-09 18:15:00,2024-01-12 18:47:12.057,3 days 00:32:12.057000
CVE-2024-21311,2024-01-09 18:15:00,2024-01-12 18:47:05.777,3 days 00:32:05.777000
CVE-2024-21312,2024-01-09 18:15:00,2024-01-12 18:46:59.393,3 days 00:31:59.393000
CVE-2024-21313,2024-01-09 18:15:00,2024-01-12 18:46:52.700,3 days 00:31:52.700000
CVE-2024-21314,2024-01-09 18:15:00,2024-01-12 18:46:46.133,3 days 00:31:46.133000
CVE-2024-21316,2024-01-09 18:15:00,2024-01-12 18:46:35.600,3 days 00:31:35.600000
CVE-2024-21318,2024-01-09 18:15:00,2024-01-12 17:14:15.683,2 days 22:59:15.683000
CVE-2024-21319,2024-01-09 19:15:00,2024-01-16 20:48:19.737,7 days 01:33:19.737000
CVE-2024-21320,2024-01-09 18:15:00,2024-01-12 17:14:04.603,2 days 22:59:04.603000
CVE-2024-21325,2024-01-09 18:15:00,2024-01-12 17:12:13.307,2 days 22:57:13.307000
CVE-2024-21337,2024-01-11 22:15:00,2024-01-18 19:13:58.900,6 days 20:58:58.900000
CVE-2024-21585,2024-01-12 01:15:00,2024-01-19 17:45:23.663,7 days 16:30:23.663000
CVE-2024-21587,2024-01-12 01:15:00,2024-01-19 17:44:35.863,7 days 16:29:35.863000
CVE-2024-21589,2024-01-12 01:15:00,2024-01-19 17:41:50.173,7 days 16:26:50.173000
CVE-2024-21591,2024-01-12 01:15:00,2024-01-18 20:14:25.190,6 days 18:59:25.190000
CVE-2024-21594,2024-01-12 01:15:00,2024-01-18 20:14:10.917,6 days 18:59:10.917000
CVE-2024-21595,2024-01-12 01:15:00,2024-01-18 20:37:57.180,6 days 19:22:57.180000
CVE-2024-21596,2024-01-12 01:15:00,2024-01-19 22:58:28.407,7 days 21:43:28.407000
CVE-2024-21597,2024-01-12 01:15:00,2024-01-19 21:04:30.357,7 days 19:49:30.357000
CVE-2024-21599,2024-01-12 01:15:00,2024-01-19 21:00:23.410,7 days 19:45:23.410000
CVE-2024-21600,2024-01-12 01:15:00,2024-01-19 22:57:21.613,7 days 21:42:21.613000
CVE-2024-21601,2024-01-12 01:15:00,2024-01-19 22:57:04.633,7 days 21:42:04.633000
CVE-2024-21602,2024-01-12 01:15:00,2024-01-19 22:55:48.320,7 days 21:40:48.320000
CVE-2024-21603,2024-01-12 01:15:00,2024-01-19 22:56:11.350,7 days 21:41:11.350000
CVE-2024-21604,2024-01-12 01:15:00,2024-01-19 22:56:35.760,7 days 21:41:35.760000
CVE-2024-21606,2024-01-12 01:15:00,2024-01-18 20:39:18.503,6 days 19:24:18.503000
CVE-2024-21607,2024-01-12 01:15:00,2024-01-18 20:31:56.940,6 days 19:16:56.940000
CVE-2024-21611,2024-01-12 01:15:00,2024-01-18 20:30:07.597,6 days 19:15:07.597000
CVE-2024-21612,2024-01-12 01:15:00,2024-01-18 18:59:32.663,6 days 17:44:32.663000
CVE-2024-21613,2024-01-12 01:15:00,2024-01-19 20:20:24.880,7 days 19:05:24.880000
CVE-2024-21614,2024-01-12 01:15:00,2024-01-18 18:56:50.427,6 days 17:41:50.427000
CVE-2024-21616,2024-01-12 01:15:00,2024-01-19 20:37:44.570,7 days 19:22:44.570000
CVE-2024-21617,2024-01-12 01:15:00,2024-01-18 20:28:49.007,6 days 19:13:49.007000
CVE-2024-21623,2024-01-02 21:15:00,2024-01-08 19:29:32.287,5 days 22:14:32.287000
CVE-2024-21625,2024-01-04 15:15:00,2024-01-11 16:52:43.527,7 days 01:37:43.527000
CVE-2024-21627,2024-01-02 21:15:00,2024-01-08 19:23:49.720,5 days 22:08:49.720000
CVE-2024-21628,2024-01-02 22:15:00,2024-01-08 19:11:25.083,5 days 20:56:25.083000
CVE-2024-21629,2024-01-02 22:15:00,2024-01-09 16:37:01.463,6 days 18:22:01.463000
CVE-2024-21632,2024-01-02 22:15:00,2024-01-09 17:45:20.127,6 days 19:30:20.127000
CVE-2024-21634,2024-01-03 23:15:00,2024-01-10 16:38:20.867,6 days 17:23:20.867000
CVE-2024-21636,2024-01-04 20:15:00,2024-01-10 15:45:31.960,5 days 19:30:31.960000
CVE-2024-21637,2024-01-11 06:15:00,2024-01-16 23:57:18.080,5 days 17:42:18.080000
CVE-2024-21638,2024-01-10 22:15:00,2024-01-19 19:03:57.307,8 days 20:48:57.307000
CVE-2024-21641,2024-01-05 21:15:00,2024-01-18 20:42:19.503,12 days 23:27:19.503000
CVE-2024-21642,2024-01-05 22:15:00,2024-01-18 20:15:52.830,12 days 22:00:52.830000
CVE-2024-21643,2024-01-10 05:15:00,2024-01-19 22:53:31.740,9 days 17:38:31.740000
CVE-2024-21644,2024-01-08 14:15:00,2024-01-11 17:33:09.883,3 days 03:18:09.883000
CVE-2024-21645,2024-01-08 14:15:00,2024-01-11 17:32:30.517,3 days 03:17:30.517000
CVE-2024-21646,2024-01-09 01:15:00,2024-01-12 16:39:24.050,3 days 15:24:24.050000
CVE-2024-21647,2024-01-08 14:15:00,2024-01-11 17:31:54.507,3 days 03:16:54.507000
CVE-2024-21648,2024-01-09 00:15:00,2024-01-12 17:04:00.533,3 days 16:49:00.533000
CVE-2024-21650,2024-01-08 16:15:00,2024-01-11 18:46:08.270,3 days 02:31:08.270000
CVE-2024-21651,2024-01-09 00:15:00,2024-01-12 17:15:18.477,3 days 17:00:18.477000
CVE-2024-21663,2024-01-09 00:15:00,2024-01-12 15:22:42.620,3 days 15:07:42.620000
CVE-2024-21664,2024-01-09 20:15:00,2024-01-16 19:30:49.223,6 days 23:15:49.223000
CVE-2024-21665,2024-01-11 01:15:00,2024-01-17 22:18:50.023,6 days 21:03:50.023000
CVE-2024-21666,2024-01-11 01:15:00,2024-01-18 13:20:45.663,7 days 12:05:45.663000
CVE-2024-21667,2024-01-11 01:15:00,2024-01-18 13:12:45.607,7 days 11:57:45.607000
CVE-2024-21668,2024-01-09 19:15:00,2024-01-16 20:37:23.560,7 days 01:22:23.560000
CVE-2024-21669,2024-01-11 06:15:00,2024-01-20 18:45:17.270,9 days 12:30:17.270000
CVE-2024-21732,2024-01-01 08:15:00,2024-01-08 18:51:23.750,7 days 10:36:23.750000
CVE-2024-21734,2024-01-09 01:15:00,2024-01-12 16:34:40.883,3 days 15:19:40.883000
CVE-2024-21735,2024-01-09 01:15:00,2024-01-12 17:04:39.480,3 days 15:49:39.480000
CVE-2024-21736,2024-01-09 02:15:00,2024-01-19 17:30:01.417,10 days 15:15:01.417000
CVE-2024-21737,2024-01-09 02:15:00,2024-01-16 17:45:47.097,7 days 15:30:47.097000
CVE-2024-21738,2024-01-09 02:15:00,2024-01-11 22:54:02.203,2 days 20:39:02.203000
CVE-2024-21744,2024-01-08 17:15:00,2024-01-11 18:45:53.050,3 days 01:30:53.050000
CVE-2024-21745,2024-01-08 17:15:00,2024-01-11 18:45:19.063,3 days 01:30:19.063000
CVE-2024-21747,2024-01-08 17:15:00,2024-01-11 18:45:06.970,3 days 01:30:06.970000
CVE-2024-21773,2024-01-11 00:15:00,2024-01-18 17:08:43.287,7 days 16:53:43.287000
CVE-2024-21821,2024-01-11 00:15:00,2024-01-18 17:08:35.853,7 days 16:53:35.853000
CVE-2024-21833,2024-01-11 00:15:00,2024-01-18 18:26:59.657,7 days 18:11:59.657000
CVE-2024-21887,2024-01-12 17:15:00,2024-01-12 20:46:41.230,0 days 03:31:41.230000
CVE-2024-21982,2024-01-12 00:15:00,2024-01-18 20:16:20.433,6 days 20:01:20.433000
CVE-2024-22027,2024-01-12 07:15:00,2024-01-18 20:02:47.003,6 days 12:47:47.003000
CVE-2024-22047,2024-01-04 21:15:00,2024-01-10 20:02:53.597,5 days 22:47:53.597000
CVE-2024-22048,2024-01-04 21:15:00,2024-01-11 16:34:19.207,6 days 19:19:19.207000
CVE-2024-22049,2024-01-04 21:15:00,2024-01-11 15:55:12.230,6 days 18:40:12.230000
CVE-2024-22050,2024-01-04 21:15:00,2024-01-10 15:10:36.710,5 days 17:55:36.710000
CVE-2024-22051,2024-01-04 21:15:00,2024-01-11 17:07:05.670,6 days 19:52:05.670000
CVE-2024-22075,2024-01-05 03:15:00,2024-01-10 15:06:42.577,5 days 11:51:42.577000
CVE-2024-22086,2024-01-05 04:15:00,2024-01-11 17:04:07.670,6 days 12:49:07.670000
CVE-2024-22087,2024-01-05 04:15:00,2024-01-11 17:03:51.977,6 days 12:48:51.977000
CVE-2024-22088,2024-01-05 04:15:00,2024-01-10 20:05:19.747,5 days 15:50:19.747000
CVE-2024-22124,2024-01-09 02:15:00,2024-01-22 19:17:13.060,13 days 17:02:13.060000
CVE-2024-22125,2024-01-09 02:15:00,2024-01-12 19:42:36.650,3 days 17:27:36.650000
CVE-2024-22164,2024-01-09 17:15:00,2024-01-16 17:40:17.070,7 days 00:25:17.070000
CVE-2024-22165,2024-01-09 17:15:00,2024-01-16 18:30:58.907,7 days 01:15:58.907000
CVE-2024-22190,2024-01-11 02:15:00,2024-01-18 13:48:07.563,7 days 11:33:07.563000
CVE-2024-22194,2024-01-11 03:15:00,2024-01-19 19:03:31.753,8 days 15:48:31.753000
CVE-2024-22195,2024-01-11 03:15:00,2024-01-16 23:58:58.117,5 days 20:43:58.117000
CVE-2024-22196,2024-01-11 20:15:00,2024-01-18 19:22:21.147,6 days 23:07:21.147000
CVE-2024-22197,2024-01-11 18:15:00,2024-01-18 19:59:28.087,7 days 01:44:28.087000
CVE-2024-22198,2024-01-11 20:15:00,2024-01-18 19:14:25.677,6 days 22:59:25.677000
CVE-2024-22199,2024-01-11 18:15:00,2024-01-18 16:54:56.443,6 days 22:39:56.443000
CVE-2024-22216,2024-01-08 07:15:00,2024-01-11 16:44:03.760,3 days 09:29:03.760000
CVE-2024-22368,2024-01-09 09:15:00,2024-01-16 14:58:04.790,7 days 05:43:04.790000
CVE-2024-22370,2024-01-09 10:15:00,2024-01-12 19:29:18.803,3 days 09:14:18.803000
CVE-2024-22492,2024-01-12 16:15:00,2024-01-20 18:42:47.097,8 days 02:27:47.097000
CVE-2024-22493,2024-01-12 16:15:00,2024-01-20 18:42:39.353,8 days 02:27:39.353000
CVE-2024-22494,2024-01-12 16:15:00,2024-01-18 20:39:35.343,6 days 04:24:35.343000
CVE-2024-22942,2024-01-11 16:15:00,2024-01-18 15:15:47.287,6 days 23:00:47.287000
CVE-2024-23057,2024-01-11 16:15:00,2024-01-18 15:16:24.110,6 days 23:01:24.110000
CVE-2024-23058,2024-01-11 16:15:00,2024-01-18 15:16:50.153,6 days 23:01:50.153000
CVE-2024-23059,2024-01-11 16:15:00,2024-01-18 15:17:14.467,6 days 23:02:14.467000
CVE-2024-23060,2024-01-11 16:15:00,2024-01-18 15:17:35.600,6 days 23:02:35.600000
CVE-2024-23061,2024-01-11 16:15:00,2024-01-18 15:18:14.370,6 days 23:03:14.370000
CVE-2024-23171,2024-01-12 05:15:00,2024-01-18 20:23:45.717,6 days 15:08:45.717000
CVE-2024-23172,2024-01-12 05:15:00,2024-01-18 20:23:36.073,6 days 15:08:36.073000
CVE-2024-23173,2024-01-12 05:15:00,2024-01-18 20:23:22.827,6 days 15:08:22.827000
CVE-2024-23174,2024-01-12 05:15:00,2024-01-18 20:23:11.323,6 days 15:08:11.323000
CVE-2024-23177,2024-01-12 06:15:00,2024-01-18 20:22:24.467,6 days 14:07:24.467000
CVE-2024-23178,2024-01-12 06:15:00,2024-01-18 20:22:07.457,6 days 14:07:07.457000
CVE-2024-23179,2024-01-12 06:15:00,2024-01-18 20:21:13.840,6 days 14:06:13.840000
